"","year","income.elasticity","energy.final.demand","region"
"1",2025,0.542,"transportation","USA"
"2",2030,0.519,"transportation","USA"
"3",2035,0.499,"transportation","USA"
"4",2040,0.481,"transportation","USA"
"5",2045,0.464,"transportation","USA"
"6",2050,0.451,"transportation","USA"
"7",2055,0.438,"transportation","USA"
"8",2060,0.425,"transportation","USA"
"9",2065,0.411,"transportation","USA"
"10",2070,0.4,"transportation","USA"
"11",2075,0.4,"transportation","USA"
"12",2080,0.4,"transportation","USA"
"13",2085,0.4,"transportation","USA"
"14",2090,0.4,"transportation","USA"
"15",2095,0.4,"transportation","USA"
"16",2100,0.4,"transportation","USA"
"17",2025,1.25,"transportation","Africa_Eastern"
"18",2030,1.25,"transportation","Africa_Eastern"
"19",2035,1.25,"transportation","Africa_Eastern"
"20",2040,1.25,"transportation","Africa_Eastern"
"21",2045,1.25,"transportation","Africa_Eastern"
"22",2050,1.25,"transportation","Africa_Eastern"
"23",2055,1.25,"transportation","Africa_Eastern"
"24",2060,1.25,"transportation","Africa_Eastern"
"25",2065,1.25,"transportation","Africa_Eastern"
"26",2070,1.25,"transportation","Africa_Eastern"
"27",2075,1.25,"transportation","Africa_Eastern"
"28",2080,1.25,"transportation","Africa_Eastern"
"29",2085,1.25,"transportation","Africa_Eastern"
"30",2090,1.25,"transportation","Africa_Eastern"
"31",2095,1.25,"transportation","Africa_Eastern"
"32",2100,1.25,"transportation","Africa_Eastern"
"33",2025,1.25,"transportation","Africa_Northern"
"34",2030,1.25,"transportation","Africa_Northern"
"35",2035,1.25,"transportation","Africa_Northern"
"36",2040,1.25,"transportation","Africa_Northern"
"37",2045,1.25,"transportation","Africa_Northern"
"38",2050,1.25,"transportation","Africa_Northern"
"39",2055,1.25,"transportation","Africa_Northern"
"40",2060,1.25,"transportation","Africa_Northern"
"41",2065,1.25,"transportation","Africa_Northern"
"42",2070,1.197,"transportation","Africa_Northern"
"43",2075,1.08,"transportation","Africa_Northern"
"44",2080,0.955,"transportation","Africa_Northern"
"45",2085,0.844,"transportation","Africa_Northern"
"46",2090,0.786,"transportation","Africa_Northern"
"47",2095,0.722,"transportation","Africa_Northern"
"48",2100,0.689,"transportation","Africa_Northern"
"49",2025,1.25,"transportation","Africa_Southern"
"50",2030,1.25,"transportation","Africa_Southern"
"51",2035,1.25,"transportation","Africa_Southern"
"52",2040,1.25,"transportation","Africa_Southern"
"53",2045,1.25,"transportation","Africa_Southern"
"54",2050,1.25,"transportation","Africa_Southern"
"55",2055,1.25,"transportation","Africa_Southern"
"56",2060,1.25,"transportation","Africa_Southern"
"57",2065,1.25,"transportation","Africa_Southern"
"58",2070,1.25,"transportation","Africa_Southern"
"59",2075,1.25,"transportation","Africa_Southern"
"60",2080,1.25,"transportation","Africa_Southern"
"61",2085,1.25,"transportation","Africa_Southern"
"62",2090,1.25,"transportation","Africa_Southern"
"63",2095,1.25,"transportation","Africa_Southern"
"64",2100,1.25,"transportation","Africa_Southern"
"65",2025,1.25,"transportation","Africa_Western"
"66",2030,1.25,"transportation","Africa_Western"
"67",2035,1.25,"transportation","Africa_Western"
"68",2040,1.25,"transportation","Africa_Western"
"69",2045,1.25,"transportation","Africa_Western"
"70",2050,1.25,"transportation","Africa_Western"
"71",2055,1.25,"transportation","Africa_Western"
"72",2060,1.25,"transportation","Africa_Western"
"73",2065,1.25,"transportation","Africa_Western"
"74",2070,1.25,"transportation","Africa_Western"
"75",2075,1.25,"transportation","Africa_Western"
"76",2080,1.25,"transportation","Africa_Western"
"77",2085,1.25,"transportation","Africa_Western"
"78",2090,1.25,"transportation","Africa_Western"
"79",2095,1.25,"transportation","Africa_Western"
"80",2100,1.25,"transportation","Africa_Western"
"81",2025,0.585,"transportation","Australia_NZ"
"82",2030,0.558,"transportation","Australia_NZ"
"83",2035,0.53,"transportation","Australia_NZ"
"84",2040,0.5,"transportation","Australia_NZ"
"85",2045,0.469,"transportation","Australia_NZ"
"86",2050,0.443,"transportation","Australia_NZ"
"87",2055,0.42,"transportation","Australia_NZ"
"88",2060,0.4,"transportation","Australia_NZ"
"89",2065,0.4,"transportation","Australia_NZ"
"90",2070,0.4,"transportation","Australia_NZ"
"91",2075,0.4,"transportation","Australia_NZ"
"92",2080,0.4,"transportation","Australia_NZ"
"93",2085,0.4,"transportation","Australia_NZ"
"94",2090,0.4,"transportation","Australia_NZ"
"95",2095,0.4,"transportation","Australia_NZ"
"96",2100,0.4,"transportation","Australia_NZ"
"97",2025,1.25,"transportation","Brazil"
"98",2030,1.25,"transportation","Brazil"
"99",2035,1.25,"transportation","Brazil"
"100",2040,1.25,"transportation","Brazil"
"101",2045,1.25,"transportation","Brazil"
"102",2050,1.204,"transportation","Brazil"
"103",2055,1.069,"transportation","Brazil"
"104",2060,0.918,"transportation","Brazil"
"105",2065,0.814,"transportation","Brazil"
"106",2070,0.739,"transportation","Brazil"
"107",2075,0.689,"transportation","Brazil"
"108",2080,0.667,"transportation","Brazil"
"109",2085,0.644,"transportation","Brazil"
"110",2090,0.619,"transportation","Brazil"
"111",2095,0.593,"transportation","Brazil"
"112",2100,0.566,"transportation","Brazil"
"113",2025,0.632,"transportation","Canada"
"114",2030,0.612,"transportation","Canada"
"115",2035,0.59,"transportation","Canada"
"116",2040,0.564,"transportation","Canada"
"117",2045,0.539,"transportation","Canada"
"118",2050,0.514,"transportation","Canada"
"119",2055,0.489,"transportation","Canada"
"120",2060,0.464,"transportation","Canada"
"121",2065,0.443,"transportation","Canada"
"122",2070,0.424,"transportation","Canada"
"123",2075,0.405,"transportation","Canada"
"124",2080,0.4,"transportation","Canada"
"125",2085,0.4,"transportation","Canada"
"126",2090,0.4,"transportation","Canada"
"127",2095,0.4,"transportation","Canada"
"128",2100,0.4,"transportation","Canada"
"129",2025,1.25,"transportation","Central America and Caribbean"
"130",2030,1.25,"transportation","Central America and Caribbean"
"131",2035,1.25,"transportation","Central America and Caribbean"
"132",2040,1.25,"transportation","Central America and Caribbean"
"133",2045,1.25,"transportation","Central America and Caribbean"
"134",2050,1.25,"transportation","Central America and Caribbean"
"135",2055,1.25,"transportation","Central America and Caribbean"
"136",2060,1.178,"transportation","Central America and Caribbean"
"137",2065,1.056,"transportation","Central America and Caribbean"
"138",2070,0.922,"transportation","Central America and Caribbean"
"139",2075,0.826,"transportation","Central America and Caribbean"
"140",2080,0.761,"transportation","Central America and Caribbean"
"141",2085,0.698,"transportation","Central America and Caribbean"
"142",2090,0.679,"transportation","Central America and Caribbean"
"143",2095,0.659,"transportation","Central America and Caribbean"
"144",2100,0.638,"transportation","Central America and Caribbean"
"145",2025,1.25,"transportation","Central Asia"
"146",2030,1.25,"transportation","Central Asia"
"147",2035,1.25,"transportation","Central Asia"
"148",2040,1.25,"transportation","Central Asia"
"149",2045,1.25,"transportation","Central Asia"
"150",2050,1.25,"transportation","Central Asia"
"151",2055,1.25,"transportation","Central Asia"
"152",2060,1.25,"transportation","Central Asia"
"153",2065,1.25,"transportation","Central Asia"
"154",2070,1.25,"transportation","Central Asia"
"155",2075,1.25,"transportation","Central Asia"
"156",2080,1.209,"transportation","Central Asia"
"157",2085,1.13,"transportation","Central Asia"
"158",2090,1.044,"transportation","Central Asia"
"159",2095,0.951,"transportation","Central Asia"
"160",2100,0.855,"transportation","Central Asia"
"161",2025,1.25,"transportation","China"
"162",2030,1.25,"transportation","China"
"163",2035,1.137,"transportation","China"
"164",2040,1.026,"transportation","China"
"165",2045,0.91,"transportation","China"
"166",2050,0.83,"transportation","China"
"167",2055,0.778,"transportation","China"
"168",2060,0.719,"transportation","China"
"169",2065,0.689,"transportation","China"
"170",2070,0.673,"transportation","China"
"171",2075,0.659,"transportation","China"
"172",2080,0.644,"transportation","China"
"173",2085,0.629,"transportation","China"
"174",2090,0.614,"transportation","China"
"175",2095,0.598,"transportation","China"
"176",2100,0.583,"transportation","China"
"177",2025,1.217,"transportation","EU-12"
"178",2030,1.078,"transportation","EU-12"
"179",2035,0.955,"transportation","EU-12"
"180",2040,0.854,"transportation","EU-12"
"181",2045,0.816,"transportation","EU-12"
"182",2050,0.782,"transportation","EU-12"
"183",2055,0.75,"transportation","EU-12"
"184",2060,0.716,"transportation","EU-12"
"185",2065,0.695,"transportation","EU-12"
"186",2070,0.687,"transportation","EU-12"
"187",2075,0.679,"transportation","EU-12"
"188",2080,0.671,"transportation","EU-12"
"189",2085,0.664,"transportation","EU-12"
"190",2090,0.657,"transportation","EU-12"
"191",2095,0.65,"transportation","EU-12"
"192",2100,0.643,"transportation","EU-12"
"193",2025,0.654,"transportation","EU-15"
"194",2030,0.639,"transportation","EU-15"
"195",2035,0.623,"transportation","EU-15"
"196",2040,0.607,"transportation","EU-15"
"197",2045,0.589,"transportation","EU-15"
"198",2050,0.572,"transportation","EU-15"
"199",2055,0.553,"transportation","EU-15"
"200",2060,0.534,"transportation","EU-15"
"201",2065,0.514,"transportation","EU-15"
"202",2070,0.495,"transportation","EU-15"
"203",2075,0.477,"transportation","EU-15"
"204",2080,0.46,"transportation","EU-15"
"205",2085,0.448,"transportation","EU-15"
"206",2090,0.436,"transportation","EU-15"
"207",2095,0.424,"transportation","EU-15"
"208",2100,0.413,"transportation","EU-15"
"209",2025,1.25,"transportation","Ukraine"
"210",2030,1.25,"transportation","Ukraine"
"211",2035,1.25,"transportation","Ukraine"
"212",2040,1.25,"transportation","Ukraine"
"213",2045,1.25,"transportation","Ukraine"
"214",2050,1.25,"transportation","Ukraine"
"215",2055,1.25,"transportation","Ukraine"
"216",2060,1.25,"transportation","Ukraine"
"217",2065,1.25,"transportation","Ukraine"
"218",2070,1.25,"transportation","Ukraine"
"219",2075,1.25,"transportation","Ukraine"
"220",2080,1.25,"transportation","Ukraine"
"221",2085,1.25,"transportation","Ukraine"
"222",2090,1.25,"transportation","Ukraine"
"223",2095,1.25,"transportation","Ukraine"
"224",2100,1.25,"transportation","Ukraine"
"225",2025,1.25,"transportation","Europe_Non_EU"
"226",2030,1.25,"transportation","Europe_Non_EU"
"227",2035,1.199,"transportation","Europe_Non_EU"
"228",2040,1.101,"transportation","Europe_Non_EU"
"229",2045,1.008,"transportation","Europe_Non_EU"
"230",2050,0.918,"transportation","Europe_Non_EU"
"231",2055,0.846,"transportation","Europe_Non_EU"
"232",2060,0.809,"transportation","Europe_Non_EU"
"233",2065,0.772,"transportation","Europe_Non_EU"
"234",2070,0.738,"transportation","Europe_Non_EU"
"235",2075,0.705,"transportation","Europe_Non_EU"
"236",2080,0.694,"transportation","Europe_Non_EU"
"237",2085,0.686,"transportation","Europe_Non_EU"
"238",2090,0.679,"transportation","Europe_Non_EU"
"239",2095,0.671,"transportation","Europe_Non_EU"
"240",2100,0.663,"transportation","Europe_Non_EU"
"241",2025,0.44,"transportation","European Free Trade Association"
"242",2030,0.424,"transportation","European Free Trade Association"
"243",2035,0.408,"transportation","European Free Trade Association"
"244",2040,0.4,"transportation","European Free Trade Association"
"245",2045,0.4,"transportation","European Free Trade Association"
"246",2050,0.4,"transportation","European Free Trade Association"
"247",2055,0.4,"transportation","European Free Trade Association"
"248",2060,0.4,"transportation","European Free Trade Association"
"249",2065,0.4,"transportation","European Free Trade Association"
"250",2070,0.4,"transportation","European Free Trade Association"
"251",2075,0.4,"transportation","European Free Trade Association"
"252",2080,0.4,"transportation","European Free Trade Association"
"253",2085,0.4,"transportation","European Free Trade Association"
"254",2090,0.4,"transportation","European Free Trade Association"
"255",2095,0.4,"transportation","European Free Trade Association"
"256",2100,0.4,"transportation","European Free Trade Association"
"257",2025,1.25,"transportation","India"
"258",2030,1.25,"transportation","India"
"259",2035,1.25,"transportation","India"
"260",2040,1.25,"transportation","India"
"261",2045,1.25,"transportation","India"
"262",2050,1.25,"transportation","India"
"263",2055,1.25,"transportation","India"
"264",2060,1.25,"transportation","India"
"265",2065,1.25,"transportation","India"
"266",2070,1.25,"transportation","India"
"267",2075,1.25,"transportation","India"
"268",2080,1.25,"transportation","India"
"269",2085,1.25,"transportation","India"
"270",2090,1.243,"transportation","India"
"271",2095,1.171,"transportation","India"
"272",2100,1.098,"transportation","India"
"273",2025,1.25,"transportation","Indonesia"
"274",2030,1.25,"transportation","Indonesia"
"275",2035,1.25,"transportation","Indonesia"
"276",2040,1.25,"transportation","Indonesia"
"277",2045,1.25,"transportation","Indonesia"
"278",2050,1.25,"transportation","Indonesia"
"279",2055,1.25,"transportation","Indonesia"
"280",2060,1.25,"transportation","Indonesia"
"281",2065,1.25,"transportation","Indonesia"
"282",2070,1.25,"transportation","Indonesia"
"283",2075,1.25,"transportation","Indonesia"
"284",2080,1.25,"transportation","Indonesia"
"285",2085,1.189,"transportation","Indonesia"
"286",2090,1.128,"transportation","Indonesia"
"287",2095,1.065,"transportation","Indonesia"
"288",2100,1.003,"transportation","Indonesia"
"289",2025,0.673,"transportation","Japan"
"290",2030,0.66,"transportation","Japan"
"291",2035,0.646,"transportation","Japan"
"292",2040,0.632,"transportation","Japan"
"293",2045,0.616,"transportation","Japan"
"294",2050,0.6,"transportation","Japan"
"295",2055,0.583,"transportation","Japan"
"296",2060,0.567,"transportation","Japan"
"297",2065,0.549,"transportation","Japan"
"298",2070,0.532,"transportation","Japan"
"299",2075,0.514,"transportation","Japan"
"300",2080,0.496,"transportation","Japan"
"301",2085,0.478,"transportation","Japan"
"302",2090,0.461,"transportation","Japan"
"303",2095,0.448,"transportation","Japan"
"304",2100,0.435,"transportation","Japan"
"305",2025,1.25,"transportation","Mexico"
"306",2030,1.25,"transportation","Mexico"
"307",2035,1.25,"transportation","Mexico"
"308",2040,1.25,"transportation","Mexico"
"309",2045,1.25,"transportation","Mexico"
"310",2050,1.183,"transportation","Mexico"
"311",2055,1.092,"transportation","Mexico"
"312",2060,0.998,"transportation","Mexico"
"313",2065,0.9,"transportation","Mexico"
"314",2070,0.834,"transportation","Mexico"
"315",2075,0.792,"transportation","Mexico"
"316",2080,0.749,"transportation","Mexico"
"317",2085,0.707,"transportation","Mexico"
"318",2090,0.692,"transportation","Mexico"
"319",2095,0.682,"transportation","Mexico"
"320",2100,0.672,"transportation","Mexico"
"321",2025,1.25,"transportation","Middle East"
"322",2030,1.25,"transportation","Middle East"
"323",2035,1.25,"transportation","Middle East"
"324",2040,1.25,"transportation","Middle East"
"325",2045,1.25,"transportation","Middle East"
"326",2050,1.25,"transportation","Middle East"
"327",2055,1.213,"transportation","Middle East"
"328",2060,1.153,"transportation","Middle East"
"329",2065,1.087,"transportation","Middle East"
"330",2070,1.017,"transportation","Middle East"
"331",2075,0.946,"transportation","Middle East"
"332",2080,0.871,"transportation","Middle East"
"333",2085,0.833,"transportation","Middle East"
"334",2090,0.799,"transportation","Middle East"
"335",2095,0.762,"transportation","Middle East"
"336",2100,0.724,"transportation","Middle East"
"337",2025,1.25,"transportation","Pakistan"
"338",2030,1.25,"transportation","Pakistan"
"339",2035,1.25,"transportation","Pakistan"
"340",2040,1.25,"transportation","Pakistan"
"341",2045,1.25,"transportation","Pakistan"
"342",2050,1.25,"transportation","Pakistan"
"343",2055,1.25,"transportation","Pakistan"
"344",2060,1.25,"transportation","Pakistan"
"345",2065,1.25,"transportation","Pakistan"
"346",2070,1.25,"transportation","Pakistan"
"347",2075,1.25,"transportation","Pakistan"
"348",2080,1.25,"transportation","Pakistan"
"349",2085,1.25,"transportation","Pakistan"
"350",2090,1.25,"transportation","Pakistan"
"351",2095,1.237,"transportation","Pakistan"
"352",2100,1.131,"transportation","Pakistan"
"353",2025,1.25,"transportation","Russia"
"354",2030,1.25,"transportation","Russia"
"355",2035,1.25,"transportation","Russia"
"356",2040,1.25,"transportation","Russia"
"357",2045,1.25,"transportation","Russia"
"358",2050,1.24,"transportation","Russia"
"359",2055,1.172,"transportation","Russia"
"360",2060,1.091,"transportation","Russia"
"361",2065,1.003,"transportation","Russia"
"362",2070,0.908,"transportation","Russia"
"363",2075,0.839,"transportation","Russia"
"364",2080,0.798,"transportation","Russia"
"365",2085,0.754,"transportation","Russia"
"366",2090,0.706,"transportation","Russia"
"367",2095,0.688,"transportation","Russia"
"368",2100,0.675,"transportation","Russia"
"369",2025,1.25,"transportation","South Africa"
"370",2030,1.25,"transportation","South Africa"
"371",2035,1.25,"transportation","South Africa"
"372",2040,1.25,"transportation","South Africa"
"373",2045,1.25,"transportation","South Africa"
"374",2050,1.25,"transportation","South Africa"
"375",2055,1.25,"transportation","South Africa"
"376",2060,1.25,"transportation","South Africa"
"377",2065,1.228,"transportation","South Africa"
"378",2070,1.108,"transportation","South Africa"
"379",2075,0.977,"transportation","South Africa"
"380",2080,0.849,"transportation","South Africa"
"381",2085,0.784,"transportation","South Africa"
"382",2090,0.714,"transportation","South Africa"
"383",2095,0.685,"transportation","South Africa"
"384",2100,0.664,"transportation","South Africa"
"385",2025,1.25,"transportation","South America_Northern"
"386",2030,1.25,"transportation","South America_Northern"
"387",2035,1.018,"transportation","South America_Northern"
"388",2040,0.829,"transportation","South America_Northern"
"389",2045,0.768,"transportation","South America_Northern"
"390",2050,0.75,"transportation","South America_Northern"
"391",2055,0.757,"transportation","South America_Northern"
"392",2060,0.762,"transportation","South America_Northern"
"393",2065,0.766,"transportation","South America_Northern"
"394",2070,0.768,"transportation","South America_Northern"
"395",2075,0.769,"transportation","South America_Northern"
"396",2080,0.768,"transportation","South America_Northern"
"397",2085,0.766,"transportation","South America_Northern"
"398",2090,0.761,"transportation","South America_Northern"
"399",2095,0.752,"transportation","South America_Northern"
"400",2100,0.741,"transportation","South America_Northern"
"401",2025,1.25,"transportation","South America_Southern"
"402",2030,1.25,"transportation","South America_Southern"
"403",2035,1.25,"transportation","South America_Southern"
"404",2040,1.25,"transportation","South America_Southern"
"405",2045,1.25,"transportation","South America_Southern"
"406",2050,1.25,"transportation","South America_Southern"
"407",2055,1.25,"transportation","South America_Southern"
"408",2060,1.215,"transportation","South America_Southern"
"409",2065,1.117,"transportation","South America_Southern"
"410",2070,1.009,"transportation","South America_Southern"
"411",2075,0.893,"transportation","South America_Southern"
"412",2080,0.823,"transportation","South America_Southern"
"413",2085,0.769,"transportation","South America_Southern"
"414",2090,0.712,"transportation","South America_Southern"
"415",2095,0.688,"transportation","South America_Southern"
"416",2100,0.672,"transportation","South America_Southern"
"417",2025,1.25,"transportation","South Asia"
"418",2030,1.25,"transportation","South Asia"
"419",2035,1.25,"transportation","South Asia"
"420",2040,1.25,"transportation","South Asia"
"421",2045,1.25,"transportation","South Asia"
"422",2050,1.25,"transportation","South Asia"
"423",2055,1.25,"transportation","South Asia"
"424",2060,1.25,"transportation","South Asia"
"425",2065,1.25,"transportation","South Asia"
"426",2070,1.25,"transportation","South Asia"
"427",2075,1.25,"transportation","South Asia"
"428",2080,1.25,"transportation","South Asia"
"429",2085,1.25,"transportation","South Asia"
"430",2090,1.25,"transportation","South Asia"
"431",2095,1.25,"transportation","South Asia"
"432",2100,1.25,"transportation","South Asia"
"433",2025,0.686,"transportation","South Korea"
"434",2030,0.667,"transportation","South Korea"
"435",2035,0.651,"transportation","South Korea"
"436",2040,0.637,"transportation","South Korea"
"437",2045,0.624,"transportation","South Korea"
"438",2050,0.612,"transportation","South Korea"
"439",2055,0.599,"transportation","South Korea"
"440",2060,0.586,"transportation","South Korea"
"441",2065,0.573,"transportation","South Korea"
"442",2070,0.56,"transportation","South Korea"
"443",2075,0.548,"transportation","South Korea"
"444",2080,0.537,"transportation","South Korea"
"445",2085,0.527,"transportation","South Korea"
"446",2090,0.518,"transportation","South Korea"
"447",2095,0.509,"transportation","South Korea"
"448",2100,0.501,"transportation","South Korea"
"449",2025,1.25,"transportation","Southeast Asia"
"450",2030,1.25,"transportation","Southeast Asia"
"451",2035,1.25,"transportation","Southeast Asia"
"452",2040,1.25,"transportation","Southeast Asia"
"453",2045,1.25,"transportation","Southeast Asia"
"454",2050,1.25,"transportation","Southeast Asia"
"455",2055,1.25,"transportation","Southeast Asia"
"456",2060,1.25,"transportation","Southeast Asia"
"457",2065,1.25,"transportation","Southeast Asia"
"458",2070,1.245,"transportation","Southeast Asia"
"459",2075,1.173,"transportation","Southeast Asia"
"460",2080,1.099,"transportation","Southeast Asia"
"461",2085,1.021,"transportation","Southeast Asia"
"462",2090,0.938,"transportation","Southeast Asia"
"463",2095,0.856,"transportation","Southeast Asia"
"464",2100,0.817,"transportation","Southeast Asia"
"465",2025,0.744,"transportation","Taiwan"
"466",2030,0.69,"transportation","Taiwan"
"467",2035,0.675,"transportation","Taiwan"
"468",2040,0.668,"transportation","Taiwan"
"469",2045,0.66,"transportation","Taiwan"
"470",2050,0.651,"transportation","Taiwan"
"471",2055,0.641,"transportation","Taiwan"
"472",2060,0.629,"transportation","Taiwan"
"473",2065,0.616,"transportation","Taiwan"
"474",2070,0.602,"transportation","Taiwan"
"475",2075,0.587,"transportation","Taiwan"
"476",2080,0.571,"transportation","Taiwan"
"477",2085,0.556,"transportation","Taiwan"
"478",2090,0.541,"transportation","Taiwan"
"479",2095,0.527,"transportation","Taiwan"
"480",2100,0.513,"transportation","Taiwan"
"481",2025,1.25,"transportation","Argentina"
"482",2030,1.25,"transportation","Argentina"
"483",2035,1.238,"transportation","Argentina"
"484",2040,1.165,"transportation","Argentina"
"485",2045,1.078,"transportation","Argentina"
"486",2050,0.975,"transportation","Argentina"
"487",2055,0.858,"transportation","Argentina"
"488",2060,0.803,"transportation","Argentina"
"489",2065,0.741,"transportation","Argentina"
"490",2070,0.693,"transportation","Argentina"
"491",2075,0.675,"transportation","Argentina"
"492",2080,0.656,"transportation","Argentina"
"493",2085,0.635,"transportation","Argentina"
"494",2090,0.613,"transportation","Argentina"
"495",2095,0.589,"transportation","Argentina"
"496",2100,0.563,"transportation","Argentina"
"497",2025,1.25,"transportation","Colombia"
"498",2030,1.25,"transportation","Colombia"
"499",2035,1.25,"transportation","Colombia"
"500",2040,1.25,"transportation","Colombia"
"501",2045,1.25,"transportation","Colombia"
"502",2050,1.25,"transportation","Colombia"
"503",2055,1.234,"transportation","Colombia"
"504",2060,1.121,"transportation","Colombia"
"505",2065,1,"transportation","Colombia"
"506",2070,0.872,"transportation","Colombia"
"507",2075,0.81,"transportation","Colombia"
"508",2080,0.752,"transportation","Colombia"
"509",2085,0.698,"transportation","Colombia"
"510",2090,0.683,"transportation","Colombia"
"511",2095,0.668,"transportation","Colombia"
"512",2100,0.653,"transportation","Colombia"
