"region","year","supplysector","base.service"
"Africa_Eastern",1975,"trn_pass_other",28037.0285374427
"Africa_Eastern",1975,"trn_pass_road_LDV_4W_other",9196.50201787901
"Africa_Eastern",1975,"trn_pass_road_LDV_4W_urban",10795.8936731623
"Africa_Eastern",1975,"trn_pass_road_LDV_other",9757.83355244995
"Africa_Eastern",1975,"trn_pass_road_LDV_urban",11603.6634424229
"Africa_Eastern",1975,"trn_pass_road_other",24588.7712784517
"Africa_Eastern",1975,"trn_pass_road_urban",28327.9123674888
"Africa_Eastern",1975,"trn_pass_urban",134359.093156377
"Africa_Eastern",1990,"trn_pass_other",52116.1993379291
"Africa_Eastern",1990,"trn_pass_road_LDV_4W_other",17723.2309588487
"Africa_Eastern",1990,"trn_pass_road_LDV_4W_urban",20805.5319951702
"Africa_Eastern",1990,"trn_pass_road_LDV_other",18804.9789059592
"Africa_Eastern",1990,"trn_pass_road_LDV_urban",22362.1936751585
"Africa_Eastern",1990,"trn_pass_road_other",47386.8481166012
"Africa_Eastern",1990,"trn_pass_road_urban",54592.8121467336
"Africa_Eastern",1990,"trn_pass_urban",217378.041829689
"Africa_Eastern",2005,"trn_pass_other",77243.2731307891
"Africa_Eastern",2005,"trn_pass_road_LDV_4W_other",25594.3145815283
"Africa_Eastern",2005,"trn_pass_road_LDV_4W_urban",30045.4997261419
"Africa_Eastern",2005,"trn_pass_road_LDV_other",27156.4343536584
"Africa_Eastern",2005,"trn_pass_road_LDV_urban",32293.4281787194
"Africa_Eastern",2005,"trn_pass_road_other",68431.8298350515
"Africa_Eastern",2005,"trn_pass_road_urban",78838.023083269
"Africa_Eastern",2005,"trn_pass_urban",327216.297132335
"Africa_Eastern",2010,"trn_pass_other",114295.291936644
"Africa_Eastern",2010,"trn_pass_road_LDV_4W_other",38954.7686945745
"Africa_Eastern",2010,"trn_pass_road_LDV_4W_urban",45729.5110762396
"Africa_Eastern",2010,"trn_pass_road_LDV_other",41377.322320399
"Africa_Eastern",2010,"trn_pass_road_LDV_urban",49215.6248304749
"Africa_Eastern",2010,"trn_pass_road_other",103047.873088558
"Africa_Eastern",2010,"trn_pass_road_urban",118759.011866909
"Africa_Eastern",2010,"trn_pass_urban",406134.418348023
"Africa_Eastern",2015,"trn_pass_other",165976.811528616
"Africa_Eastern",2015,"trn_pass_road_LDV_4W_other",58325.523757702
"Africa_Eastern",2015,"trn_pass_road_LDV_4W_urban",68469.0931068675
"Africa_Eastern",2015,"trn_pass_road_LDV_other",62010.8289696468
"Africa_Eastern",2015,"trn_pass_road_LDV_urban",73772.3371923492
"Africa_Eastern",2015,"trn_pass_road_other",152264.711653083
"Africa_Eastern",2015,"trn_pass_road_urban",175547.992133246
"Africa_Eastern",2015,"trn_pass_urban",503738.913787614
"Africa_Eastern",2021,"trn_pass_other",217041.973184611
"Africa_Eastern",2021,"trn_pass_road_LDV_4W_other",79687.2405753567
"Africa_Eastern",2021,"trn_pass_road_LDV_4W_urban",93545.8911102014
"Africa_Eastern",2021,"trn_pass_road_LDV_other",84837.7344556644
"Africa_Eastern",2021,"trn_pass_road_LDV_urban",100957.577425766
"Africa_Eastern",2021,"trn_pass_road_other",205196.769560139
"Africa_Eastern",2021,"trn_pass_road_urban",236681.595735068
"Africa_Eastern",2021,"trn_pass_urban",619875.666001091
"Africa_Northern",1975,"trn_pass_other",70320.7639211997
"Africa_Northern",1975,"trn_pass_road_LDV_4W_other",24214.2462843137
"Africa_Northern",1975,"trn_pass_road_LDV_4W_urban",28425.4195511508
"Africa_Northern",1975,"trn_pass_road_LDV_other",25692.141842475
"Africa_Northern",1975,"trn_pass_road_LDV_urban",30552.1473055781
"Africa_Northern",1975,"trn_pass_road_other",64741.8742375345
"Africa_Northern",1975,"trn_pass_road_urban",74586.9519212836
"Africa_Northern",1975,"trn_pass_urban",161408.8208288
"Africa_Northern",1990,"trn_pass_other",215850.144642117
"Africa_Northern",1990,"trn_pass_road_LDV_4W_other",76938.1694060302
"Africa_Northern",1990,"trn_pass_road_LDV_4W_urban",90318.720607079
"Africa_Northern",1990,"trn_pass_road_LDV_other",81634.0501936379
"Africa_Northern",1990,"trn_pass_road_LDV_urban",97076.2075941242
"Africa_Northern",1990,"trn_pass_road_other",205710.462299119
"Africa_Northern",1990,"trn_pass_road_urban",236992.161670518
"Africa_Northern",1990,"trn_pass_urban",369317.075824423
"Africa_Northern",2005,"trn_pass_other",385787.552394386
"Africa_Northern",2005,"trn_pass_road_LDV_4W_other",137646.301859599
"Africa_Northern",2005,"trn_pass_road_LDV_4W_urban",161584.78913953
"Africa_Northern",2005,"trn_pass_road_LDV_other",145915.334508838
"Africa_Northern",2005,"trn_pass_road_LDV_urban",173484.128805508
"Africa_Northern",2005,"trn_pass_road_other",367913.302446553
"Africa_Northern",2005,"trn_pass_road_urban",423822.262862931
"Africa_Northern",2005,"trn_pass_urban",600247.276725075
"Africa_Northern",2010,"trn_pass_other",550689.939121213
"Africa_Northern",2010,"trn_pass_road_LDV_4W_other",199649.587614329
"Africa_Northern",2010,"trn_pass_road_LDV_4W_urban",234371.255025516
"Africa_Northern",2010,"trn_pass_road_LDV_other",211874.76655309
"Africa_Northern",2010,"trn_pass_road_LDV_urban",251963.58569349
"Africa_Northern",2010,"trn_pass_road_other",527984.014511603
"Africa_Northern",2010,"trn_pass_road_urban",608427.205731814
"Africa_Northern",2010,"trn_pass_urban",801835.290124851
"Africa_Northern",2015,"trn_pass_other",682499.068520462
"Africa_Northern",2015,"trn_pass_road_LDV_4W_other",252182.91561547
"Africa_Northern",2015,"trn_pass_road_LDV_4W_urban",296040.813983378
"Africa_Northern",2015,"trn_pass_road_LDV_other",267932.037396092
"Africa_Northern",2015,"trn_pass_road_LDV_urban",318704.184350615
"Africa_Northern",2015,"trn_pass_road_other",658209.049285432
"Africa_Northern",2015,"trn_pass_road_urban",758803.793502424
"Africa_Northern",2015,"trn_pass_urban",975912.003682605
"Africa_Northern",2021,"trn_pass_other",699814.993701754
"Africa_Northern",2021,"trn_pass_road_LDV_4W_other",262619.221773148
"Africa_Northern",2021,"trn_pass_road_LDV_4W_urban",308292.129907608
"Africa_Northern",2021,"trn_pass_road_LDV_other",279288.882347071
"Africa_Northern",2021,"trn_pass_road_LDV_urban",332280.178050571
"Africa_Northern",2021,"trn_pass_road_other",676038.150159405
"Africa_Northern",2021,"trn_pass_road_urban",779678.288562352
"Africa_Northern",2021,"trn_pass_urban",1023321.05030049
"Africa_Southern",1975,"trn_pass_other",23568.5594712749
"Africa_Southern",1975,"trn_pass_road_LDV_4W_other",8042.94284731964
"Africa_Southern",1975,"trn_pass_road_LDV_4W_urban",9441.71551641871
"Africa_Southern",1975,"trn_pass_road_LDV_other",8533.81549488182
"Africa_Southern",1975,"trn_pass_road_LDV_urban",10148.0932287643
"Africa_Southern",1975,"trn_pass_road_other",21504.4734120212
"Africa_Southern",1975,"trn_pass_road_urban",24774.5798161767
"Africa_Southern",1975,"trn_pass_urban",81489.8296847211
"Africa_Southern",1990,"trn_pass_other",35558.6242092553
"Africa_Southern",1990,"trn_pass_road_LDV_4W_other",11632.5123201093
"Africa_Southern",1990,"trn_pass_road_LDV_4W_urban",13655.5579409978
"Africa_Southern",1990,"trn_pass_road_LDV_other",12342.4876224855
"Africa_Southern",1990,"trn_pass_road_LDV_urban",14677.2297175881
"Africa_Southern",1990,"trn_pass_road_other",31101.8785443119
"Africa_Southern",1990,"trn_pass_road_urban",35831.4365017752
"Africa_Southern",1990,"trn_pass_urban",126472.895297884
"Africa_Southern",2005,"trn_pass_other",62154.7093797653
"Africa_Southern",2005,"trn_pass_road_LDV_4W_other",21530.182885931
"Africa_Southern",2005,"trn_pass_road_LDV_4W_urban",25274.5625182669
"Africa_Southern",2005,"trn_pass_road_LDV_other",22844.2547307461
"Africa_Southern",2005,"trn_pass_road_LDV_urban",27165.5439534886
"Africa_Southern",2005,"trn_pass_road_other",57565.3522451318
"Africa_Southern",2005,"trn_pass_road_urban",66319.1220016257
"Africa_Southern",2005,"trn_pass_urban",198488.827882715
"Africa_Southern",2010,"trn_pass_other",92802.9013592837
"Africa_Southern",2010,"trn_pass_road_LDV_4W_other",32779.531998673
"Africa_Southern",2010,"trn_pass_road_LDV_4W_urban",38480.3201723552
"Africa_Southern",2010,"trn_pass_road_LDV_other",34818.0546289818
"Africa_Southern",2010,"trn_pass_road_LDV_urban",41413.8039574337
"Africa_Southern",2010,"trn_pass_road_other",86712.5560939607
"Africa_Southern",2010,"trn_pass_road_urban",99933.1353966653
"Africa_Southern",2010,"trn_pass_urban",251241.430708783
"Africa_Southern",2015,"trn_pass_other",140830.657828516
"Africa_Southern",2015,"trn_pass_road_LDV_4W_other",51718.2644785813
"Africa_Southern",2015,"trn_pass_road_LDV_4W_urban",60712.745257465
"Africa_Southern",2015,"trn_pass_road_LDV_other",54985.5132501586
"Africa_Southern",2015,"trn_pass_road_LDV_urban",65414.3959287592
"Africa_Southern",2015,"trn_pass_road_other",135015.384305777
"Africa_Southern",2015,"trn_pass_road_urban",155660.846268073
"Africa_Southern",2015,"trn_pass_urban",331355.999492836
"Africa_Southern",2021,"trn_pass_other",158114.377929196
"Africa_Southern",2021,"trn_pass_road_LDV_4W_other",60132.563942781
"Africa_Southern",2021,"trn_pass_road_LDV_4W_urban",70590.4011502212
"Africa_Southern",2021,"trn_pass_road_LDV_other",64017.9571678711
"Africa_Southern",2021,"trn_pass_road_LDV_urban",76181.5767668143
"Africa_Southern",2021,"trn_pass_road_other",154842.092951235
"Africa_Southern",2021,"trn_pass_road_urban",178600.283075714
"Africa_Southern",2021,"trn_pass_urban",388170.718443543
"Africa_Western",1975,"trn_pass_other",51534.9433651231
"Africa_Western",1975,"trn_pass_road_LDV_4W_other",17575.4976405611
"Africa_Western",1975,"trn_pass_road_LDV_4W_urban",20632.1059258761
"Africa_Western",1975,"trn_pass_road_LDV_other",18648.2137921169
"Africa_Western",1975,"trn_pass_road_LDV_urban",22175.7706317734
"Africa_Western",1975,"trn_pass_road_other",46991.6959748948
"Africa_Western",1975,"trn_pass_road_urban",54137.5696889485
"Africa_Western",1975,"trn_pass_urban",227286.866363396
"Africa_Western",1990,"trn_pass_other",103262.932988539
"Africa_Western",1990,"trn_pass_road_LDV_4W_other",36146.438299481
"Africa_Western",1990,"trn_pass_road_LDV_4W_urban",42432.7753950429
"Africa_Western",1990,"trn_pass_road_LDV_other",38352.644793163
"Africa_Western",1990,"trn_pass_road_LDV_urban",45607.5603493657
"Africa_Western",1990,"trn_pass_road_other",96645.1789754316
"Africa_Western",1990,"trn_pass_road_urban",111341.694640009
"Africa_Western",1990,"trn_pass_urban",373079.41918767
"Africa_Western",2005,"trn_pass_other",226372.902613018
"Africa_Western",2005,"trn_pass_road_LDV_4W_other",81217.9641651242
"Africa_Western",2005,"trn_pass_road_LDV_4W_urban",95342.8274981892
"Africa_Western",2005,"trn_pass_road_LDV_other",86175.0597145304
"Africa_Western",2005,"trn_pass_road_LDV_urban",102476.208898554
"Africa_Western",2005,"trn_pass_road_other",217153.395114333
"Africa_Western",2005,"trn_pass_road_urban",250175.182860034
"Africa_Western",2005,"trn_pass_urban",645424.013118001
"Africa_Western",2010,"trn_pass_other",276314.104173354
"Africa_Western",2010,"trn_pass_road_LDV_4W_other",99567.8535955704
"Africa_Western",2010,"trn_pass_road_LDV_4W_urban",116884.002046974
"Africa_Western",2010,"trn_pass_road_LDV_other",105759.866085133
"Africa_Western",2010,"trn_pass_road_LDV_urban",125794.45904415
"Africa_Western",2010,"trn_pass_road_other",263389.104711907
"Africa_Western",2010,"trn_pass_road_urban",303546.579197746
"Africa_Western",2010,"trn_pass_urban",759629.51084203
"Africa_Western",2015,"trn_pass_other",383278.864356009
"Africa_Western",2015,"trn_pass_road_LDV_4W_other",142335.210770779
"Africa_Western",2015,"trn_pass_road_LDV_4W_urban",167089.160470045
"Africa_Western",2015,"trn_pass_road_LDV_other",151328.627032509
"Africa_Western",2015,"trn_pass_road_LDV_urban",180030.90582229
"Africa_Western",2015,"trn_pass_road_other",371580.448902396
"Africa_Western",2015,"trn_pass_road_urban",428399.981547907
"Africa_Western",2015,"trn_pass_urban",954322.878264058
"Africa_Western",2021,"trn_pass_other",478561.985179332
"Africa_Western",2021,"trn_pass_road_LDV_4W_other",181193.402923494
"Africa_Western",2021,"trn_pass_road_LDV_4W_urban",212705.299084101
"Africa_Western",2021,"trn_pass_road_LDV_other",192904.61635302
"Africa_Western",2021,"trn_pass_road_LDV_urban",229558.020848542
"Africa_Western",2021,"trn_pass_road_other",466577.886409489
"Africa_Western",2021,"trn_pass_road_urban",538168.304103709
"Africa_Western",2021,"trn_pass_urban",1157779.9067667
"Argentina",1975,"trn_pass_other",66934.3755188466
"Argentina",1975,"trn_pass_road_LDV_4W_other",36650.8154688673
"Argentina",1975,"trn_pass_road_LDV_4W_urban",43024.8703330181
"Argentina",1975,"trn_pass_road_LDV_other",39783.2174474233
"Argentina",1975,"trn_pass_road_LDV_urban",47532.4731802085
"Argentina",1975,"trn_pass_road_other",64667.8235832659
"Argentina",1975,"trn_pass_road_urban",75593.8375461586
"Argentina",1975,"trn_pass_urban",109430.249587598
"Argentina",1990,"trn_pass_other",83103.2314210359
"Argentina",1990,"trn_pass_road_LDV_4W_other",45636.4430538753
"Argentina",1990,"trn_pass_road_LDV_4W_urban",53573.2157588971
"Argentina",1990,"trn_pass_road_LDV_other",49374.1191649784
"Argentina",1990,"trn_pass_road_LDV_urban",58951.8228456064
"Argentina",1990,"trn_pass_road_other",80022.2449661031
"Argentina",1990,"trn_pass_road_urban",93512.475344747
"Argentina",1990,"trn_pass_urban",136091.17347345
"Argentina",2005,"trn_pass_other",126203.484551175
"Argentina",2005,"trn_pass_road_LDV_4W_other",72606.7901385908
"Argentina",2005,"trn_pass_road_LDV_4W_urban",85234.0579887805
"Argentina",2005,"trn_pass_road_LDV_other",76448.8724261374
"Argentina",2005,"trn_pass_road_LDV_urban",90762.9081098841
"Argentina",2005,"trn_pass_road_other",120845.81394384
"Argentina",2005,"trn_pass_road_urban",140827.544289422
"Argentina",2005,"trn_pass_urban",192148.694224258
"Argentina",2010,"trn_pass_other",149292.027574612
"Argentina",2010,"trn_pass_road_LDV_4W_other",85692.3678650118
"Argentina",2010,"trn_pass_road_LDV_4W_urban",100595.388363275
"Argentina",2010,"trn_pass_road_LDV_other",90955.8570501597
"Argentina",2010,"trn_pass_road_LDV_urban",108169.677678488
"Argentina",2010,"trn_pass_road_other",142916.114319909
"Argentina",2010,"trn_pass_road_urban",166763.159280546
"Argentina",2010,"trn_pass_urban",220782.724491826
"Argentina",2015,"trn_pass_other",169959.306875982
"Argentina",2015,"trn_pass_road_LDV_4W_other",99328.798625396
"Argentina",2015,"trn_pass_road_LDV_4W_urban",116603.372299378
"Argentina",2015,"trn_pass_road_LDV_other",105429.94539313
"Argentina",2015,"trn_pass_road_LDV_urban",125383.071306605
"Argentina",2015,"trn_pass_road_other",163396.607859753
"Argentina",2015,"trn_pass_road_urban",190749.733237052
"Argentina",2015,"trn_pass_urban",247399.569181394
"Argentina",2021,"trn_pass_other",169655.835465467
"Argentina",2021,"trn_pass_road_LDV_4W_other",102004.765777991
"Argentina",2021,"trn_pass_road_LDV_4W_urban",119744.725043729
"Argentina",2021,"trn_pass_road_LDV_other",108752.591415768
"Argentina",2021,"trn_pass_road_LDV_urban",129455.010717603
"Argentina",2021,"trn_pass_road_other",166452.550631087
"Argentina",2021,"trn_pass_road_urban",194520.922173176
"Argentina",2021,"trn_pass_urban",253688.080552253
"Australia_NZ",1975,"trn_pass_other",86730.1110814076
"Australia_NZ",1975,"trn_pass_road_LDV_4W_other",70455.3056964092
"Australia_NZ",1975,"trn_pass_road_LDV_4W_urban",82708.402339263
"Australia_NZ",1975,"trn_pass_road_LDV_other",70878.0372741445
"Australia_NZ",1975,"trn_pass_road_LDV_urban",83316.7233901504
"Australia_NZ",1975,"trn_pass_road_other",75267.6925895924
"Australia_NZ",1975,"trn_pass_road_urban",88266.7602352299
"Australia_NZ",1975,"trn_pass_urban",101568.86554113
"Australia_NZ",1990,"trn_pass_other",139840.607728331
"Australia_NZ",1990,"trn_pass_road_LDV_4W_other",110062.11441241
"Australia_NZ",1990,"trn_pass_road_LDV_4W_urban",129203.351701525
"Australia_NZ",1990,"trn_pass_road_LDV_other",110722.473928204
"Australia_NZ",1990,"trn_pass_road_LDV_urban",130153.625151081
"Australia_NZ",1990,"trn_pass_road_other",118704.030366019
"Australia_NZ",1990,"trn_pass_road_urban",139154.103687342
"Australia_NZ",1990,"trn_pass_urban",159169.42762096
"Australia_NZ",2005,"trn_pass_other",190721.354659338
"Australia_NZ",2005,"trn_pass_road_LDV_4W_other",145216.458680949
"Australia_NZ",2005,"trn_pass_road_LDV_4W_urban",170471.494973287
"Australia_NZ",2005,"trn_pass_road_LDV_other",146087.761120496
"Australia_NZ",2005,"trn_pass_road_LDV_urban",171725.320435075
"Australia_NZ",2005,"trn_pass_road_other",155940.797812219
"Australia_NZ",2005,"trn_pass_road_urban",182836.191598082
"Australia_NZ",2005,"trn_pass_urban",211950.157093747
"Australia_NZ",2010,"trn_pass_other",215685.046488494
"Australia_NZ",2010,"trn_pass_road_LDV_4W_other",159072.063915762
"Australia_NZ",2010,"trn_pass_road_LDV_4W_urban",186736.77068372
"Australia_NZ",2010,"trn_pass_road_LDV_other",160026.505016856
"Australia_NZ",2010,"trn_pass_road_LDV_urban",188110.234707246
"Australia_NZ",2010,"trn_pass_road_other",170649.531537336
"Australia_NZ",2010,"trn_pass_road_urban",200089.392272894
"Australia_NZ",2010,"trn_pass_urban",231088.881756424
"Australia_NZ",2015,"trn_pass_other",241196.019671164
"Australia_NZ",2015,"trn_pass_road_LDV_4W_other",172398.522175574
"Australia_NZ",2015,"trn_pass_road_LDV_4W_urban",202380.873858283
"Australia_NZ",2015,"trn_pass_road_LDV_other",173432.923031447
"Australia_NZ",2015,"trn_pass_road_LDV_urban",203869.401919173
"Australia_NZ",2015,"trn_pass_road_other",185051.28066536
"Australia_NZ",2015,"trn_pass_road_urban",216970.95414465
"Australia_NZ",2015,"trn_pass_urban",257239.791077735
"Australia_NZ",2021,"trn_pass_other",221828.49784286
"Australia_NZ",2021,"trn_pass_road_LDV_4W_other",175794.816627463
"Australia_NZ",2021,"trn_pass_road_LDV_4W_urban",206367.828214848
"Australia_NZ",2021,"trn_pass_road_LDV_other",176849.609707217
"Australia_NZ",2021,"trn_pass_road_LDV_urban",207885.701183274
"Australia_NZ",2021,"trn_pass_road_other",187628.534034652
"Australia_NZ",2021,"trn_pass_road_urban",220040.658403573
"Australia_NZ",2021,"trn_pass_urban",264353.013411068
"Brazil",1975,"trn_pass_other",197952.396974715
"Brazil",1975,"trn_pass_road_LDV_4W_other",106625.451710809
"Brazil",1975,"trn_pass_road_LDV_4W_urban",125169.00853008
"Brazil",1975,"trn_pass_road_LDV_other",123025.042191033
"Brazil",1975,"trn_pass_road_LDV_urban",148768.419221133
"Brazil",1975,"trn_pass_road_other",188183.144206458
"Brazil",1975,"trn_pass_road_urban",222244.576812997
"Brazil",1975,"trn_pass_urban",247737.006196508
"Brazil",1990,"trn_pass_other",311923.709300122
"Brazil",1990,"trn_pass_road_LDV_4W_other",166759.19737543
"Brazil",1990,"trn_pass_road_LDV_4W_urban",195760.796918982
"Brazil",1990,"trn_pass_road_LDV_other",192403.888469719
"Brazil",1990,"trn_pass_road_LDV_urban",232664.132883935
"Brazil",1990,"trn_pass_road_other",294294.001636163
"Brazil",1990,"trn_pass_road_urban",347561.494539713
"Brazil",1990,"trn_pass_urban",383622.083792797
"Brazil",2005,"trn_pass_other",512616.179144802
"Brazil",2005,"trn_pass_road_LDV_4W_other",284990.387335843
"Brazil",2005,"trn_pass_road_LDV_4W_urban",334553.932959468
"Brazil",2005,"trn_pass_road_LDV_other",325522.505451063
"Brazil",2005,"trn_pass_road_LDV_urban",392880.639515517
"Brazil",2005,"trn_pass_road_other",486562.721112105
"Brazil",2005,"trn_pass_road_urban",574479.180580095
"Brazil",2005,"trn_pass_urban",619257.107193035
"Brazil",2010,"trn_pass_other",699157.820313637
"Brazil",2010,"trn_pass_road_LDV_4W_other",389683.284151161
"Brazil",2010,"trn_pass_road_LDV_4W_urban",457454.290090493
"Brazil",2010,"trn_pass_road_LDV_other",446085.038844433
"Brazil",2010,"trn_pass_road_LDV_urban",538617.790746665
"Brazil",2010,"trn_pass_road_other",661913.897958156
"Brazil",2010,"trn_pass_road_urban",781999.270172778
"Brazil",2010,"trn_pass_urban",831224.987216893
"Brazil",2015,"trn_pass_other",871536.841272894
"Brazil",2015,"trn_pass_road_LDV_4W_other",489371.793131417
"Brazil",2015,"trn_pass_road_LDV_4W_urban",574479.931067316
"Brazil",2015,"trn_pass_road_LDV_other",561416.250641902
"Brazil",2015,"trn_pass_road_LDV_urban",678153.662606795
"Brazil",2015,"trn_pass_road_other",826544.848621369
"Brazil",2015,"trn_pass_road_urban",977128.464583639
"Brazil",2015,"trn_pass_urban",1030289.61222589
"Brazil",2021,"trn_pass_other",909671.849629213
"Brazil",2021,"trn_pass_road_LDV_4W_other",530013.23295329
"Brazil",2021,"trn_pass_road_LDV_4W_urban",622189.447379949
"Brazil",2021,"trn_pass_road_LDV_other",607388.891704413
"Brazil",2021,"trn_pass_road_LDV_urban",733534.907534005
"Brazil",2021,"trn_pass_road_other",878978.614921683
"Brazil",2021,"trn_pass_road_urban",1039795.6592471
"Brazil",2021,"trn_pass_urban",1094989.93983219
"Canada",1975,"trn_pass_other",297852.051807981
"Canada",1975,"trn_pass_road_LDV_4W_other",231285.887996461
"Canada",1975,"trn_pass_road_LDV_4W_urban",271509.520691498
"Canada",1975,"trn_pass_road_LDV_other",232085.344563606
"Canada",1975,"trn_pass_road_LDV_urban",272659.958190559
"Canada",1975,"trn_pass_road_other",255718.905516208
"Canada",1975,"trn_pass_road_urban",299310.569477537
"Canada",1975,"trn_pass_urban",308135.916030366
"Canada",1990,"trn_pass_other",340300.996360994
"Canada",1990,"trn_pass_road_LDV_4W_other",257773.365702647
"Canada",1990,"trn_pass_road_LDV_4W_urban",302603.516259629
"Canada",1990,"trn_pass_road_LDV_other",258663.770034651
"Canada",1990,"trn_pass_road_LDV_urban",303884.829810562
"Canada",1990,"trn_pass_road_other",285485.746582632
"Canada",1990,"trn_pass_road_urban",334130.888471051
"Canada",1990,"trn_pass_urban",346474.000059099
"Canada",2005,"trn_pass_other",458165.012133353
"Canada",2005,"trn_pass_road_LDV_4W_other",348182.215400079
"Canada",2005,"trn_pass_road_LDV_4W_urban",408735.64416531
"Canada",2005,"trn_pass_road_LDV_other",349385.057634148
"Canada",2005,"trn_pass_road_LDV_urban",410466.563477751
"Canada",2005,"trn_pass_road_other",385498.824481144
"Canada",2005,"trn_pass_road_urban",451190.598432874
"Canada",2005,"trn_pass_urban",466448.212762568
"Canada",2010,"trn_pass_other",504778.38453911
"Canada",2010,"trn_pass_road_LDV_4W_other",397258.001474496
"Canada",2010,"trn_pass_road_LDV_4W_urban",466346.349557018
"Canada",2010,"trn_pass_road_LDV_other",398630.450536815
"Canada",2010,"trn_pass_road_LDV_urban",468321.337232061
"Canada",2010,"trn_pass_road_other",438275.798049684
"Canada",2010,"trn_pass_road_urban",513027.792938063
"Canada",2010,"trn_pass_urban",528935.160557632
"Canada",2015,"trn_pass_other",543714.447645564
"Canada",2015,"trn_pass_road_LDV_4W_other",419458.889533855
"Canada",2015,"trn_pass_road_LDV_4W_urban",492408.261626699
"Canada",2015,"trn_pass_road_LDV_other",420907.283974208
"Canada",2015,"trn_pass_road_LDV_urban",494492.536553061
"Canada",2015,"trn_pass_road_other",461732.509914676
"Canada",2015,"trn_pass_road_urban",540529.493464652
"Canada",2015,"trn_pass_urban",558518.183213776
"Canada",2021,"trn_pass_other",504407.958204191
"Canada",2021,"trn_pass_road_LDV_4W_other",407851.423343734
"Canada",2021,"trn_pass_road_LDV_4W_urban",478782.105664383
"Canada",2021,"trn_pass_road_LDV_other",409259.336921469
"Canada",2021,"trn_pass_road_LDV_urban",480808.1276421
"Canada",2021,"trn_pass_road_other",447403.667988304
"Canada",2021,"trn_pass_road_urban",523821.947781296
"Canada",2021,"trn_pass_urban",542040.708349226
"Central America and Caribbean",1975,"trn_pass_other",43599.6165413634
"Central America and Caribbean",1975,"trn_pass_road_LDV_4W_other",22544.9697150698
"Central America and Caribbean",1975,"trn_pass_road_LDV_4W_urban",26465.8340133429
"Central America and Caribbean",1975,"trn_pass_road_LDV_other",24469.2792358308
"Central America and Caribbean",1975,"trn_pass_road_LDV_urban",29234.9623480964
"Central America and Caribbean",1975,"trn_pass_road_other",39756.5563285813
"Central America and Caribbean",1975,"trn_pass_road_urban",46473.8067292832
"Central America and Caribbean",1975,"trn_pass_urban",104134.266549673
"Central America and Caribbean",1990,"trn_pass_other",62093.3646780568
"Central America and Caribbean",1990,"trn_pass_road_LDV_4W_other",32476.9759926979
"Central America and Caribbean",1990,"trn_pass_road_LDV_4W_urban",38125.1457305584
"Central America and Caribbean",1990,"trn_pass_road_LDV_other",35239.711277324
"Central America and Caribbean",1990,"trn_pass_road_LDV_urban",42100.7891889228
"Central America and Caribbean",1990,"trn_pass_road_other",57177.5624846234
"Central America and Caribbean",1990,"trn_pass_road_urban",66839.2171460902
"Central America and Caribbean",1990,"trn_pass_urban",143820.310358458
"Central America and Caribbean",2005,"trn_pass_other",110153.952750759
"Central America and Caribbean",2005,"trn_pass_road_LDV_4W_other",56878.2562093639
"Central America and Caribbean",2005,"trn_pass_road_LDV_4W_urban",66770.1268544707
"Central America and Caribbean",2005,"trn_pass_road_LDV_other",61722.4064078052
"Central America and Caribbean",2005,"trn_pass_road_LDV_urban",73740.9771400325
"Central America and Caribbean",2005,"trn_pass_road_other",100206.550879321
"Central America and Caribbean",2005,"trn_pass_road_urban",117137.991118551
"Central America and Caribbean",2005,"trn_pass_urban",214738.366996549
"Central America and Caribbean",2010,"trn_pass_other",126306.426193074
"Central America and Caribbean",2010,"trn_pass_road_LDV_4W_other",66313.9416285668
"Central America and Caribbean",2010,"trn_pass_road_LDV_4W_urban",77846.8010422306
"Central America and Caribbean",2010,"trn_pass_road_LDV_other",71959.7995170285
"Central America and Caribbean",2010,"trn_pass_road_LDV_urban",85971.3282475779
"Central America and Caribbean",2010,"trn_pass_road_other",115178.675904923
"Central America and Caribbean",2010,"trn_pass_road_urban",134707.50800414
"Central America and Caribbean",2010,"trn_pass_urban",239054.105092068
"Central America and Caribbean",2015,"trn_pass_other",144371.586607654
"Central America and Caribbean",2015,"trn_pass_road_LDV_4W_other",76967.9144444963
"Central America and Caribbean",2015,"trn_pass_road_LDV_4W_urban",90353.6386957131
"Central America and Caribbean",2015,"trn_pass_road_LDV_other",83511.9249561925
"Central America and Caribbean",2015,"trn_pass_road_LDV_urban",99770.6294320563
"Central America and Caribbean",2015,"trn_pass_road_other",131808.003693501
"Central America and Caribbean",2015,"trn_pass_road_urban",154232.165029447
"Central America and Caribbean",2015,"trn_pass_urban",265358.13598151
"Central America and Caribbean",2021,"trn_pass_other",166108.374460672
"Central America and Caribbean",2021,"trn_pass_road_LDV_4W_other",92851.951552281
"Central America and Caribbean",2021,"trn_pass_road_LDV_4W_urban",109000.117039634
"Central America and Caribbean",2021,"trn_pass_road_LDV_other",100760.349395616
"Central America and Caribbean",2021,"trn_pass_road_LDV_urban",120380.494423945
"Central America and Caribbean",2021,"trn_pass_road_other",156396.943319533
"Central America and Caribbean",2021,"trn_pass_road_urban",183119.632253043
"Central America and Caribbean",2021,"trn_pass_urban",301402.151989349
"Central Asia",1975,"trn_pass_other",142809.703860073
"Central Asia",1975,"trn_pass_road_LDV_4W_other",77833.3744382849
"Central Asia",1975,"trn_pass_road_LDV_4W_urban",91369.6134710301
"Central Asia",1975,"trn_pass_road_LDV_other",85447.8544005576
"Central Asia",1975,"trn_pass_road_LDV_urban",102327.035855764
"Central Asia",1975,"trn_pass_road_other",118018.875309154
"Central Asia",1975,"trn_pass_road_urban",139056.059433543
"Central Asia",1975,"trn_pass_urban",223893.399932425
"Central Asia",1990,"trn_pass_other",209860.303629214
"Central Asia",1990,"trn_pass_road_LDV_4W_other",94755.3180259464
"Central Asia",1990,"trn_pass_road_LDV_4W_urban",111234.503769589
"Central Asia",1990,"trn_pass_road_LDV_other",104713.431426635
"Central Asia",1990,"trn_pass_road_LDV_urban",125564.471833995
"Central Asia",1990,"trn_pass_road_other",172676.309183012
"Central Asia",1990,"trn_pass_road_urban",202203.461644378
"Central Asia",1990,"trn_pass_urban",303881.495830418
"Central Asia",2005,"trn_pass_other",139817.427070781
"Central Asia",2005,"trn_pass_road_LDV_4W_other",62546.0618666036
"Central Asia",2005,"trn_pass_road_LDV_4W_urban",73423.6378434042
"Central Asia",2005,"trn_pass_road_LDV_other",69235.8521820683
"Central Asia",2005,"trn_pass_road_LDV_urban",83050.4092729753
"Central Asia",2005,"trn_pass_road_other",116246.016585282
"Central Asia",2005,"trn_pass_road_urban",136061.871259578
"Central Asia",2005,"trn_pass_urban",234229.025822167
"Central Asia",2010,"trn_pass_other",185154.093902154
"Central Asia",2010,"trn_pass_road_LDV_4W_other",82790.0643607668
"Central Asia",2010,"trn_pass_road_LDV_4W_urban",97188.3364235088
"Central Asia",2010,"trn_pass_road_LDV_other",91607.9456164031
"Central Asia",2010,"trn_pass_road_LDV_urban",109877.482620644
"Central Asia",2010,"trn_pass_road_other",156462.631812637
"Central Asia",2010,"trn_pass_road_urban",183011.490458951
"Central Asia",2010,"trn_pass_urban",287418.890805491
"Central Asia",2015,"trn_pass_other",230815.076243438
"Central Asia",2015,"trn_pass_road_LDV_4W_other",100203.228453475
"Central Asia",2015,"trn_pass_road_LDV_4W_urban",117629.876880166
"Central Asia",2015,"trn_pass_road_LDV_other",110980.921775311
"Central Asia",2015,"trn_pass_road_LDV_urban",133139.240440857
"Central Asia",2015,"trn_pass_road_other",204505.097581532
"Central Asia",2015,"trn_pass_road_urban",238602.672732978
"Central Asia",2015,"trn_pass_urban",350464.874779399
"Central Asia",2021,"trn_pass_other",358160.841505977
"Central Asia",2021,"trn_pass_road_LDV_4W_other",136496.289313983
"Central Asia",2021,"trn_pass_road_LDV_4W_urban",160234.774412068
"Central Asia",2021,"trn_pass_road_LDV_other",150719.13736665
"Central Asia",2021,"trn_pass_road_LDV_urban",180701.799658588
"Central Asia",2021,"trn_pass_road_other",332466.666649983
"Central Asia",2021,"trn_pass_road_urban",385651.141190858
"Central Asia",2021,"trn_pass_urban",506723.363766968
"China",1975,"trn_pass_other",277179.569065449
"China",1975,"trn_pass_road_LDV_4W_other",32730.4612632736
"China",1975,"trn_pass_road_LDV_4W_urban",38422.7153960169
"China",1975,"trn_pass_road_LDV_other",68209.6958473183
"China",1975,"trn_pass_road_LDV_urban",89478.1993096421
"China",1975,"trn_pass_road_other",251986.484601614
"China",1975,"trn_pass_road_urban",296715.854713423
"China",1975,"trn_pass_urban",1151380.70805293
"China",1990,"trn_pass_other",533030.795660103
"China",1990,"trn_pass_road_LDV_4W_other",61281.6706297543
"China",1990,"trn_pass_road_LDV_4W_urban",71939.3524784073
"China",1990,"trn_pass_road_LDV_other",140454.949343715
"China",1990,"trn_pass_road_LDV_urban",185871.631603375
"China",1990,"trn_pass_road_other",467553.891553028
"China",1990,"trn_pass_road_urban",554727.885584089
"China",1990,"trn_pass_urban",1674258.0842366
"China",2005,"trn_pass_other",2830633.28202409
"China",2005,"trn_pass_road_LDV_4W_other",317302.067221478
"China",2005,"trn_pass_road_LDV_4W_urban",372485.035433909
"China",2005,"trn_pass_road_LDV_other",656457.400778888
"China",2005,"trn_pass_road_LDV_urban",860537.832504328
"China",2005,"trn_pass_road_other",2477733.79801005
"China",2005,"trn_pass_road_urban",2914317.59959478
"China",2005,"trn_pass_urban",4530132.31300753
"China",2010,"trn_pass_other",4383583.05884796
"China",2010,"trn_pass_road_LDV_4W_other",478183.620358828
"China",2010,"trn_pass_road_LDV_4W_urban",561345.989116885
"China",2010,"trn_pass_road_LDV_other",989231.02272398
"China",2010,"trn_pass_road_LDV_urban",1296755.66569113
"China",2010,"trn_pass_road_other",3814808.34662994
"China",2010,"trn_pass_road_urban",4483044.9883936
"China",2010,"trn_pass_urban",6402122.11949547
"China",2015,"trn_pass_other",6800653.00624142
"China",2015,"trn_pass_road_LDV_4W_other",729399.943072387
"China",2015,"trn_pass_road_LDV_4W_urban",856252.107084976
"China",2015,"trn_pass_road_LDV_other",1502341.75341917
"China",2015,"trn_pass_road_LDV_urban",1968534.22441327
"China",2015,"trn_pass_road_other",5908601.47005486
"China",2015,"trn_pass_road_urban",6937295.18147055
"China",2015,"trn_pass_urban",9301327.51493426
"China",2021,"trn_pass_other",8509271.1827283
"China",2021,"trn_pass_road_LDV_4W_other",866835.055089761
"China",2021,"trn_pass_road_LDV_4W_urban",1017588.97771407
"China",2021,"trn_pass_road_LDV_other",1902059.58966712
"China",2021,"trn_pass_road_LDV_urban",2507302.33234978
"China",2021,"trn_pass_road_other",7212786.84207884
"China",2021,"trn_pass_road_urban",8495994.76592044
"China",2021,"trn_pass_urban",11452531.5795441
"Colombia",1975,"trn_pass_other",29031.918741184
"Colombia",1975,"trn_pass_road_LDV_4W_other",15667.8319376354
"Colombia",1975,"trn_pass_road_LDV_4W_urban",18392.6722746154
"Colombia",1975,"trn_pass_road_LDV_other",17006.9106703747
"Colombia",1975,"trn_pass_road_LDV_urban",20319.6392314842
"Colombia",1975,"trn_pass_road_other",27644.8278781701
"Colombia",1975,"trn_pass_road_urban",32315.5884232535
"Colombia",1975,"trn_pass_urban",62459.4383760174
"Colombia",1990,"trn_pass_other",50686.7384335349
"Colombia",1990,"trn_pass_road_LDV_4W_other",27489.8364620276
"Colombia",1990,"trn_pass_road_LDV_4W_urban",32270.6775858585
"Colombia",1990,"trn_pass_road_LDV_other",29827.6175134695
"Colombia",1990,"trn_pass_road_LDV_urban",35634.8015379334
"Colombia",1990,"trn_pass_road_other",48467.9535490533
"Colombia",1990,"trn_pass_road_urban",56654.754939762
"Colombia",1990,"trn_pass_urban",98651.192273764
"Colombia",2005,"trn_pass_other",61946.0195291172
"Colombia",2005,"trn_pass_road_LDV_4W_other",34000.540478427
"Colombia",2005,"trn_pass_road_LDV_4W_urban",39913.677952936
"Colombia",2005,"trn_pass_road_LDV_other",36692.493571509
"Colombia",2005,"trn_pass_road_LDV_urban",43787.4641112736
"Colombia",2005,"trn_pass_road_other",59334.0460668465
"Colombia",2005,"trn_pass_road_urban",69319.4275634626
"Colombia",2005,"trn_pass_urban",123783.744455289
"Colombia",2010,"trn_pass_other",70740.1833366116
"Colombia",2010,"trn_pass_road_LDV_4W_other",39613.0284469009
"Colombia",2010,"trn_pass_road_LDV_4W_urban",46502.2507854924
"Colombia",2010,"trn_pass_road_LDV_other",42484.2305197893
"Colombia",2010,"trn_pass_road_LDV_urban",50633.9805976976
"Colombia",2010,"trn_pass_road_other",67374.5623681245
"Colombia",2010,"trn_pass_road_urban",78701.8016181607
"Colombia",2010,"trn_pass_urban",136534.341538198
"Colombia",2015,"trn_pass_other",103622.133095305
"Colombia",2015,"trn_pass_road_LDV_4W_other",58074.7113218949
"Colombia",2015,"trn_pass_road_LDV_4W_urban",68174.6611170071
"Colombia",2015,"trn_pass_road_LDV_other",62425.8644620923
"Colombia",2015,"trn_pass_road_LDV_urban",74436.0766114374
"Colombia",2015,"trn_pass_road_other",97808.0213256017
"Colombia",2015,"trn_pass_road_urban",114335.104563906
"Colombia",2015,"trn_pass_urban",175208.833459984
"Colombia",2021,"trn_pass_other",125703.747014097
"Colombia",2021,"trn_pass_road_LDV_4W_other",72806.0988739796
"Colombia",2021,"trn_pass_road_LDV_4W_urban",85468.0291129325
"Colombia",2021,"trn_pass_road_LDV_other",78619.7486263954
"Colombia",2021,"trn_pass_road_LDV_urban",93834.0129029944
"Colombia",2021,"trn_pass_road_other",121600.227604205
"Colombia",2021,"trn_pass_road_urban",142301.361537545
"Colombia",2021,"trn_pass_urban",208829.086929825
"EU-12",1975,"trn_pass_other",223168.077060537
"EU-12",1975,"trn_pass_road_LDV_4W_other",149524.326694388
"EU-12",1975,"trn_pass_road_LDV_4W_urban",175528.557423847
"EU-12",1975,"trn_pass_road_LDV_other",156404.326028291
"EU-12",1975,"trn_pass_road_LDV_urban",185429.044270195
"EU-12",1975,"trn_pass_road_other",203187.846548826
"EU-12",1975,"trn_pass_road_urban",238184.9291125
"EU-12",1975,"trn_pass_urban",335128.019173648
"EU-12",1990,"trn_pass_other",292541.477186452
"EU-12",1990,"trn_pass_road_LDV_4W_other",188943.456971429
"EU-12",1990,"trn_pass_road_LDV_4W_urban",221803.188618634
"EU-12",1990,"trn_pass_road_LDV_other",197737.907996311
"EU-12",1990,"trn_pass_road_LDV_urban",234458.618142244
"EU-12",1990,"trn_pass_road_other",256391.030405771
"EU-12",1990,"trn_pass_road_urban",300599.373199721
"EU-12",1990,"trn_pass_urban",424429.689215093
"EU-12",2005,"trn_pass_other",407576.441548929
"EU-12",2005,"trn_pass_road_LDV_4W_other",279869.888744813
"EU-12",2005,"trn_pass_road_LDV_4W_urban",328542.912874345
"EU-12",2005,"trn_pass_road_LDV_other",292076.453593815
"EU-12",2005,"trn_pass_road_LDV_urban",346108.457413154
"EU-12",2005,"trn_pass_road_other",378907.007427339
"EU-12",2005,"trn_pass_road_urban",444023.762799893
"EU-12",2005,"trn_pass_urban",551670.276103847
"EU-12",2010,"trn_pass_other",494782.065517961
"EU-12",2010,"trn_pass_road_LDV_4W_other",347624.080969899
"EU-12",2010,"trn_pass_road_LDV_4W_urban",408080.442877707
"EU-12",2010,"trn_pass_road_LDV_other",362666.238896493
"EU-12",2010,"trn_pass_road_LDV_urban",429726.475015977
"EU-12",2010,"trn_pass_road_other",467793.34025275
"EU-12",2010,"trn_pass_road_urban",548274.057396437
"EU-12",2010,"trn_pass_urban",650801.087943912
"EU-12",2015,"trn_pass_other",522325.167260725
"EU-12",2015,"trn_pass_road_LDV_4W_other",370125.425906235
"EU-12",2015,"trn_pass_road_LDV_4W_urban",434495.065194275
"EU-12",2015,"trn_pass_road_LDV_other",386238.008342308
"EU-12",2015,"trn_pass_road_LDV_urban",457681.4643096
"EU-12",2015,"trn_pass_road_other",496201.03385775
"EU-12",2015,"trn_pass_road_urban",581682.322869567
"EU-12",2015,"trn_pass_urban",681123.676565838
"EU-12",2021,"trn_pass_other",679005.165934951
"EU-12",2021,"trn_pass_road_LDV_4W_other",488909.293458675
"EU-12",2021,"trn_pass_road_LDV_4W_urban",573936.996668879
"EU-12",2021,"trn_pass_road_LDV_other",510082.665346393
"EU-12",2021,"trn_pass_road_LDV_urban",604405.99523901
"EU-12",2021,"trn_pass_road_other",651944.41064357
"EU-12",2021,"trn_pass_road_urban",764377.750574124
"EU-12",2021,"trn_pass_urban",867414.777044867
"EU-15",1975,"trn_pass_other",1650933.25977292
"EU-15",1975,"trn_pass_road_LDV_4W_other",1215950.73471683
"EU-15",1975,"trn_pass_road_LDV_4W_urban",1427420.42771106
"EU-15",1975,"trn_pass_road_LDV_other",1237883.46608532
"EU-15",1975,"trn_pass_road_LDV_urban",1458982.16309498
"EU-15",1975,"trn_pass_road_other",1439988.83026679
"EU-15",1975,"trn_pass_road_urban",1686888.21206558
"EU-15",1975,"trn_pass_urban",1990540.05097306
"EU-15",1990,"trn_pass_other",2682062.93682287
"EU-15",1990,"trn_pass_road_LDV_4W_other",1988959.26170621
"EU-15",1990,"trn_pass_road_LDV_4W_urban",2334865.22026381
"EU-15",1990,"trn_pass_road_LDV_other",2024837.82335386
"EU-15",1990,"trn_pass_road_LDV_urban",2386495.34556164
"EU-15",1990,"trn_pass_road_other",2349024.93097571
"EU-15",1990,"trn_pass_road_urban",2752068.04139054
"EU-15",1990,"trn_pass_urban",3137630.86513815
"EU-15",2005,"trn_pass_other",3392036.39984609
"EU-15",2005,"trn_pass_road_LDV_4W_other",2443445.42272873
"EU-15",2005,"trn_pass_road_LDV_4W_urban",2868392.45276851
"EU-15",2005,"trn_pass_road_LDV_other",2487523.04775627
"EU-15",2005,"trn_pass_road_LDV_urban",2931821.23024716
"EU-15",2005,"trn_pass_road_other",2894345.40306008
"EU-15",2005,"trn_pass_road_urban",3390578.35431316
"EU-15",2005,"trn_pass_urban",3824375.87500473
"EU-15",2010,"trn_pass_other",3389882.20091944
"EU-15",2010,"trn_pass_road_LDV_4W_other",2443091.00276661
"EU-15",2010,"trn_pass_road_LDV_4W_urban",2867976.39455211
"EU-15",2010,"trn_pass_road_LDV_other",2487214.46717691
"EU-15",2010,"trn_pass_road_LDV_urban",2931471.13602059
"EU-15",2010,"trn_pass_road_other",2895448.41346328
"EU-15",2010,"trn_pass_road_urban",3391820.0541733
"EU-15",2010,"trn_pass_urban",3821469.13162036
"EU-15",2015,"trn_pass_other",3453017.17219544
"EU-15",2015,"trn_pass_road_LDV_4W_other",2472527.87026408
"EU-15",2015,"trn_pass_road_LDV_4W_urban",2902532.71726653
"EU-15",2015,"trn_pass_road_LDV_other",2517235.15406468
"EU-15",2015,"trn_pass_road_LDV_urban",2966867.58907715
"EU-15",2015,"trn_pass_road_other",2931880.58161989
"EU-15",2015,"trn_pass_road_urban",3434446.47546919
"EU-15",2015,"trn_pass_urban",3868707.30414956
"EU-15",2021,"trn_pass_other",3314489.30048655
"EU-15",2021,"trn_pass_road_LDV_4W_other",2457715.37930211
"EU-15",2021,"trn_pass_road_LDV_4W_urban",2885144.14091987
"EU-15",2021,"trn_pass_road_LDV_other",2502219.55721339
"EU-15",2021,"trn_pass_road_LDV_urban",2949186.73840195
"EU-15",2021,"trn_pass_road_other",2918454.72257073
"EU-15",2021,"trn_pass_road_urban",3418558.30784747
"EU-15",2021,"trn_pass_urban",3872464.60993351
"Europe_Non_EU",1975,"trn_pass_other",118488.519216182
"Europe_Non_EU",1975,"trn_pass_road_LDV_4W_other",81306.4335196743
"Europe_Non_EU",1975,"trn_pass_road_LDV_4W_urban",95446.6828274438
"Europe_Non_EU",1975,"trn_pass_road_LDV_other",85002.1457733065
"Europe_Non_EU",1975,"trn_pass_road_LDV_urban",100764.902899744
"Europe_Non_EU",1975,"trn_pass_road_other",106214.440734949
"Europe_Non_EU",1975,"trn_pass_road_urban",124685.150409681
"Europe_Non_EU",1975,"trn_pass_urban",189483.695213401
"Europe_Non_EU",1990,"trn_pass_other",193201.821147904
"Europe_Non_EU",1990,"trn_pass_road_LDV_4W_other",143002.738364594
"Europe_Non_EU",1990,"trn_pass_road_LDV_4W_urban",167872.779819306
"Europe_Non_EU",1990,"trn_pass_road_LDV_other",148506.286748363
"Europe_Non_EU",1990,"trn_pass_road_LDV_urban",175792.520176437
"Europe_Non_EU",1990,"trn_pass_road_other",183393.851200624
"Europe_Non_EU",1990,"trn_pass_road_urban",215133.816260902
"Europe_Non_EU",1990,"trn_pass_urban",279477.549016084
"Europe_Non_EU",2005,"trn_pass_other",239893.490276058
"Europe_Non_EU",2005,"trn_pass_road_LDV_4W_other",174836.480743339
"Europe_Non_EU",2005,"trn_pass_road_LDV_4W_urban",205242.825220441
"Europe_Non_EU",2005,"trn_pass_road_LDV_other",180454.167683346
"Europe_Non_EU",2005,"trn_pass_road_LDV_urban",213326.813743867
"Europe_Non_EU",2005,"trn_pass_road_other",219522.147404357
"Europe_Non_EU",2005,"trn_pass_road_urban",257382.195131389
"Europe_Non_EU",2005,"trn_pass_urban",326982.52076669
"Europe_Non_EU",2010,"trn_pass_other",291009.060307588
"Europe_Non_EU",2010,"trn_pass_road_LDV_4W_other",217298.390349235
"Europe_Non_EU",2010,"trn_pass_road_LDV_4W_urban",255089.414757798
"Europe_Non_EU",2010,"trn_pass_road_LDV_other",224393.190676177
"Europe_Non_EU",2010,"trn_pass_road_LDV_urban",265299.005472178
"Europe_Non_EU",2010,"trn_pass_road_other",272813.802480863
"Europe_Non_EU",2010,"trn_pass_road_urban",319900.971975334
"Europe_Non_EU",2010,"trn_pass_urban",391116.383809593
"Europe_Non_EU",2015,"trn_pass_other",431610.304187713
"Europe_Non_EU",2015,"trn_pass_road_LDV_4W_other",315961.334081927
"Europe_Non_EU",2015,"trn_pass_road_LDV_4W_urban",370911.131313566
"Europe_Non_EU",2015,"trn_pass_road_LDV_other",324900.260516074
"Europe_Non_EU",2015,"trn_pass_road_LDV_urban",383774.4644749
"Europe_Non_EU",2015,"trn_pass_road_other",386849.671715034
"Europe_Non_EU",2015,"trn_pass_road_urban",453632.311146068
"Europe_Non_EU",2015,"trn_pass_urban",529510.845950255
"Europe_Non_EU",2021,"trn_pass_other",531525.763926783
"Europe_Non_EU",2021,"trn_pass_road_LDV_4W_other",405022.77380821
"Europe_Non_EU",2021,"trn_pass_road_LDV_4W_urban",475461.517079203
"Europe_Non_EU",2021,"trn_pass_road_LDV_other",416083.707087908
"Europe_Non_EU",2021,"trn_pass_road_LDV_urban",491378.469847549
"Europe_Non_EU",2021,"trn_pass_road_other",491066.058596002
"Europe_Non_EU",2021,"trn_pass_road_urban",575933.036441783
"Europe_Non_EU",2021,"trn_pass_urban",657677.034429188
"European Free Trade Association",1975,"trn_pass_other",67837.3475906914
"European Free Trade Association",1975,"trn_pass_road_LDV_4W_other",44939.906205365
"European Free Trade Association",1975,"trn_pass_road_LDV_4W_urban",52755.5420671676
"European Free Trade Association",1975,"trn_pass_road_LDV_other",45750.5439150523
"European Free Trade Association",1975,"trn_pass_road_LDV_urban",53922.0695030591
"European Free Trade Association",1975,"trn_pass_road_other",52927.5691512085
"European Free Trade Association",1975,"trn_pass_road_urban",62015.3107268097
"European Free Trade Association",1975,"trn_pass_urban",79263.52759093
"European Free Trade Association",1990,"trn_pass_other",104425.817746686
"European Free Trade Association",1990,"trn_pass_road_LDV_4W_other",69502.6473445272
"European Free Trade Association",1990,"trn_pass_road_LDV_4W_urban",81590.0642740102
"European Free Trade Association",1990,"trn_pass_road_LDV_other",70756.3469207924
"European Free Trade Association",1990,"trn_pass_road_LDV_urban",83394.1685422943
"European Free Trade Association",1990,"trn_pass_road_other",81856.0612811111
"European Free Trade Association",1990,"trn_pass_road_urban",95910.8677145685
"European Free Trade Association",1990,"trn_pass_urban",117205.406722602
"European Free Trade Association",2005,"trn_pass_other",122449.055586453
"European Free Trade Association",2005,"trn_pass_road_LDV_4W_other",82291.6737467634
"European Free Trade Association",2005,"trn_pass_road_LDV_4W_urban",96603.2691809831
"European Free Trade Association",2005,"trn_pass_road_LDV_other",83776.0166064287
"European Free Trade Association",2005,"trn_pass_road_LDV_urban",98739.2747595259
"European Free Trade Association",2005,"trn_pass_road_other",97283.331947274
"European Free Trade Association",2005,"trn_pass_road_urban",113970.92822899
"European Free Trade Association",2005,"trn_pass_urban",137321.441801989
"European Free Trade Association",2010,"trn_pass_other",133932.533423991
"European Free Trade Association",2010,"trn_pass_road_LDV_4W_other",88491.4994514504
"European Free Trade Association",2010,"trn_pass_road_LDV_4W_urban",103881.325443007
"European Free Trade Association",2010,"trn_pass_road_LDV_other",90089.3011863026
"European Free Trade Association",2010,"trn_pass_road_LDV_urban",106180.601110233
"European Free Trade Association",2010,"trn_pass_road_other",105883.200272761
"European Free Trade Association",2010,"trn_pass_road_urban",123990.742633261
"European Free Trade Association",2010,"trn_pass_urban",147112.827861162
"European Free Trade Association",2015,"trn_pass_other",143797.865833193
"European Free Trade Association",2015,"trn_pass_road_LDV_4W_other",89588.460113191
"European Free Trade Association",2015,"trn_pass_road_LDV_4W_urban",105169.061872007
"European Free Trade Association",2015,"trn_pass_road_LDV_other",91207.6305787322
"European Free Trade Association",2015,"trn_pass_road_LDV_urban",107499.087663883
"European Free Trade Association",2015,"trn_pass_road_other",109954.529014724
"European Free Trade Association",2015,"trn_pass_road_urban",128639.207176811
"European Free Trade Association",2015,"trn_pass_urban",155252.843666653
"European Free Trade Association",2021,"trn_pass_other",133801.261971286
"European Free Trade Association",2021,"trn_pass_road_LDV_4W_other",86970.0855409241
"European Free Trade Association",2021,"trn_pass_road_LDV_4W_urban",102095.317808911
"European Free Trade Association",2021,"trn_pass_road_LDV_other",88544.2326563753
"European Free Trade Association",2021,"trn_pass_road_LDV_urban",104360.553901877
"European Free Trade Association",2021,"trn_pass_road_other",106333.386080749
"European Free Trade Association",2021,"trn_pass_road_urban",124420.663082554
"European Free Trade Association",2021,"trn_pass_urban",157043.177630933
"India",1975,"trn_pass_other",164450.673949799
"India",1975,"trn_pass_road_LDV_4W_other",12224.9745061286
"India",1975,"trn_pass_road_LDV_4W_urban",14351.0570289336
"India",1975,"trn_pass_road_LDV_other",48566.4247868166
"India",1975,"trn_pass_road_LDV_urban",66647.2903596798
"India",1975,"trn_pass_road_other",109470.874274169
"India",1975,"trn_pass_road_urban",135326.7759518
"India",1975,"trn_pass_urban",830420.254401788
"India",1990,"trn_pass_other",364402.354397874
"India",1990,"trn_pass_road_LDV_4W_other",27340.8432648926
"India",1990,"trn_pass_road_LDV_4W_urban",32095.7725283522
"India",1990,"trn_pass_road_LDV_other",108617.352047801
"India",1990,"trn_pass_road_LDV_urban",149054.65102083
"India",1990,"trn_pass_road_other",244828.525830869
"India",1990,"trn_pass_road_urban",302654.485286842
"India",1990,"trn_pass_urban",1346934.26650901
"India",2005,"trn_pass_other",809853.739509589
"India",2005,"trn_pass_road_LDV_4W_other",58724.5447235882
"India",2005,"trn_pass_road_LDV_4W_urban",68937.5090233427
"India",2005,"trn_pass_road_LDV_other",231894.114491584
"India",2005,"trn_pass_road_LDV_urban",318132.743567532
"India",2005,"trn_pass_road_other",545091.124976555
"India",2005,"trn_pass_road_urban",671312.35113569
"India",2005,"trn_pass_urban",2239525.65265802
"India",2010,"trn_pass_other",1336620.8127541
"India",2010,"trn_pass_road_LDV_4W_other",100955.87310748
"India",2010,"trn_pass_road_LDV_4W_urban",118513.416256606
"India",2010,"trn_pass_road_LDV_other",403552.546083286
"India",2010,"trn_pass_road_LDV_urban",553957.409075449
"India",2010,"trn_pass_road_other",939466.322549484
"India",2010,"trn_pass_road_urban",1158285.71019691
"India",2010,"trn_pass_urban",3030485.79806151
"India",2015,"trn_pass_other",1802882.21360985
"India",2015,"trn_pass_road_LDV_4W_other",139008.66128956
"India",2015,"trn_pass_road_LDV_4W_urban",163184.080644266
"India",2015,"trn_pass_road_LDV_other",561698.483494142
"India",2015,"trn_pass_road_LDV_urban",771445.044304519
"India",2015,"trn_pass_road_other",1286676.54409485
"India",2015,"trn_pass_road_urban",1588973.49562021
"India",2015,"trn_pass_urban",3743886.66802462
"India",2021,"trn_pass_other",2167489.14184487
"India",2021,"trn_pass_road_LDV_4W_other",167272.71662814
"India",2021,"trn_pass_road_LDV_4W_urban",196363.623867817
"India",2021,"trn_pass_road_LDV_other",683186.417189928
"India",2021,"trn_pass_road_LDV_urban",938776.022237219
"India",2021,"trn_pass_road_other",1576213.19468181
"India",2021,"trn_pass_road_urban",1945806.21813232
"India",2021,"trn_pass_urban",4335690.81686703
"Indonesia",1975,"trn_pass_other",83196.4418834087
"Indonesia",1975,"trn_pass_road_LDV_4W_other",15604.6167415933
"Indonesia",1975,"trn_pass_road_LDV_4W_urban",18318.4631314357
"Indonesia",1975,"trn_pass_road_LDV_other",40637.1678077598
"Indonesia",1975,"trn_pass_road_LDV_urban",54340.9146656753
"Indonesia",1975,"trn_pass_road_other",82124.9032761513
"Indonesia",1975,"trn_pass_road_urban",101124.956789606
"Indonesia",1975,"trn_pass_urban",172556.108726674
"Indonesia",1990,"trn_pass_other",222284.916415735
"Indonesia",1990,"trn_pass_road_LDV_4W_other",41707.56619448
"Indonesia",1990,"trn_pass_road_LDV_4W_urban",48961.0559674331
"Indonesia",1990,"trn_pass_road_LDV_other",108613.808230604
"Indonesia",1990,"trn_pass_road_LDV_urban",145240.770116977
"Indonesia",1990,"trn_pass_road_other",219500.763528533
"Indonesia",1990,"trn_pass_road_urban",270283.506942302
"Indonesia",1990,"trn_pass_urban",371528.229456823
"Indonesia",2005,"trn_pass_other",482246.767489774
"Indonesia",2005,"trn_pass_road_LDV_4W_other",90392.7919487152
"Indonesia",2005,"trn_pass_road_LDV_4W_urban",106113.277505013
"Indonesia",2005,"trn_pass_road_LDV_other",235338.602191255
"Indonesia",2005,"trn_pass_road_LDV_urban",314693.833707693
"Indonesia",2005,"trn_pass_road_other",475768.856627518
"Indonesia",2005,"trn_pass_road_urban",585817.312114543
"Indonesia",2005,"trn_pass_urban",716927.476971065
"Indonesia",2010,"trn_pass_other",630732.135784011
"Indonesia",2010,"trn_pass_road_LDV_4W_other",118453.951823887
"Indonesia",2010,"trn_pass_road_LDV_4W_urban",139054.639097606
"Indonesia",2010,"trn_pass_road_LDV_other",312210.224865505
"Indonesia",2010,"trn_pass_road_LDV_urban",417874.641767251
"Indonesia",2010,"trn_pass_road_other",622003.766293077
"Indonesia",2010,"trn_pass_road_urban",767216.294866428
"Indonesia",2010,"trn_pass_urban",909127.435609921
"Indonesia",2015,"trn_pass_other",953381.89860107
"Indonesia",2015,"trn_pass_road_LDV_4W_other",179901.241605199
"Indonesia",2015,"trn_pass_road_LDV_4W_urban",211188.414058277
"Indonesia",2015,"trn_pass_road_LDV_other",478984.894478349
"Indonesia",2015,"trn_pass_road_LDV_urban",641577.085265981
"Indonesia",2015,"trn_pass_road_other",939810.938417261
"Indonesia",2015,"trn_pass_road_urban",1161231.98587795
"Indonesia",2015,"trn_pass_urban",1319084.82519458
"Indonesia",2021,"trn_pass_other",1146391.84060277
"Indonesia",2021,"trn_pass_road_LDV_4W_other",217439.135397813
"Indonesia",2021,"trn_pass_road_LDV_4W_urban",255254.637206128
"Indonesia",2021,"trn_pass_road_LDV_other",588286.199894103
"Indonesia",2021,"trn_pass_road_LDV_urban",788912.608066643
"Indonesia",2021,"trn_pass_road_other",1132221.85788694
"Indonesia",2021,"trn_pass_road_urban",1402286.86069687
"Indonesia",2021,"trn_pass_urban",1571676.20817878
"Japan",1975,"trn_pass_other",343706.290681346
"Japan",1975,"trn_pass_road_LDV_4W_other",174189.742812069
"Japan",1975,"trn_pass_road_LDV_4W_urban",204483.611127212
"Japan",1975,"trn_pass_road_LDV_other",183429.536341882
"Japan",1975,"trn_pass_road_LDV_urban",217779.89937743
"Japan",1975,"trn_pass_road_other",203004.365997964
"Japan",1975,"trn_pass_road_urban",239853.643457693
"Japan",1975,"trn_pass_urban",418290.342714663
"Japan",1990,"trn_pass_other",574014.477429227
"Japan",1990,"trn_pass_road_LDV_4W_other",323292.379443989
"Japan",1990,"trn_pass_road_LDV_4W_urban",379517.141086422
"Japan",1990,"trn_pass_road_LDV_other",340441.225538883
"Japan",1990,"trn_pass_road_LDV_urban",404194.748881513
"Japan",1990,"trn_pass_road_other",376771.701876945
"Japan",1990,"trn_pass_road_urban",445163.158369114
"Japan",1990,"trn_pass_urban",665367.487687447
"Japan",2005,"trn_pass_other",688844.151075541
"Japan",2005,"trn_pass_road_LDV_4W_other",390490.278303833
"Japan",2005,"trn_pass_road_LDV_4W_urban",458401.631052325
"Japan",2005,"trn_pass_road_LDV_other",411203.574391228
"Japan",2005,"trn_pass_road_LDV_urban",488208.569324431
"Japan",2005,"trn_pass_road_other",455805.963982583
"Japan",2005,"trn_pass_road_urban",538504.880991278
"Japan",2005,"trn_pass_urban",773911.196153068
"Japan",2010,"trn_pass_other",654016.810646895
"Japan",2010,"trn_pass_road_LDV_4W_other",369124.482916563
"Japan",2010,"trn_pass_road_LDV_4W_urban",433320.045162921
"Japan",2010,"trn_pass_road_LDV_other",388705.505350772
"Japan",2010,"trn_pass_road_LDV_urban",461497.614031661
"Japan",2010,"trn_pass_road_other",429519.481707782
"Japan",2010,"trn_pass_road_urban",507521.885242758
"Japan",2010,"trn_pass_urban",746498.006219868
"Japan",2015,"trn_pass_other",633636.772388984
"Japan",2015,"trn_pass_road_LDV_4W_other",351876.668852088
"Japan",2015,"trn_pass_road_LDV_4W_urban",413072.611261147
"Japan",2015,"trn_pass_road_LDV_other",370543.820781757
"Japan",2015,"trn_pass_road_LDV_urban",439935.09818433
"Japan",2015,"trn_pass_road_other",407799.102714107
"Japan",2015,"trn_pass_road_urban",481946.373554852
"Japan",2015,"trn_pass_urban",712232.409891873
"Japan",2021,"trn_pass_other",572052.291355602
"Japan",2021,"trn_pass_road_LDV_4W_other",321454.152251938
"Japan",2021,"trn_pass_road_LDV_4W_urban",377359.222208797
"Japan",2021,"trn_pass_road_LDV_other",338508.453619691
"Japan",2021,"trn_pass_road_LDV_urban",401900.777835563
"Japan",2021,"trn_pass_road_other",370629.144281634
"Japan",2021,"trn_pass_road_urban",438121.982199031
"Japan",2021,"trn_pass_urban",662393.833634721
"Mexico",1975,"trn_pass_other",131629.157588271
"Mexico",1975,"trn_pass_road_LDV_4W_other",72584.8311798349
"Mexico",1975,"trn_pass_road_LDV_4W_urban",85208.2800806758
"Mexico",1975,"trn_pass_road_LDV_other",78788.4215537329
"Mexico",1975,"trn_pass_road_LDV_urban",94135.3979357973
"Mexico",1975,"trn_pass_road_other",128071.035431577
"Mexico",1975,"trn_pass_road_urban",149709.409329961
"Mexico",1975,"trn_pass_urban",225939.737964324
"Mexico",1990,"trn_pass_other",255415.668642361
"Mexico",1990,"trn_pass_road_LDV_4W_other",140369.385947061
"Mexico",1990,"trn_pass_road_LDV_4W_urban",164781.453068289
"Mexico",1990,"trn_pass_road_LDV_other",152366.273173385
"Mexico",1990,"trn_pass_road_LDV_urban",182045.266393975
"Mexico",1990,"trn_pass_road_other",247672.205835449
"Mexico",1990,"trn_pass_road_urban",289517.913863962
"Mexico",1990,"trn_pass_urban",396134.031219546
"Mexico",2005,"trn_pass_other",398238.189922411
"Mexico",2005,"trn_pass_road_LDV_4W_other",218609.304781172
"Mexico",2005,"trn_pass_road_LDV_4W_urban",256628.314308332
"Mexico",2005,"trn_pass_road_LDV_other",237278.725377285
"Mexico",2005,"trn_pass_road_LDV_urban",283494.06589786
"Mexico",2005,"trn_pass_road_other",385677.012445965
"Mexico",2005,"trn_pass_road_urban",450836.815145521
"Mexico",2005,"trn_pass_urban",588672.336706299
"Mexico",2010,"trn_pass_other",470659.060572122
"Mexico",2010,"trn_pass_road_LDV_4W_other",263470.621419297
"Mexico",2010,"trn_pass_road_LDV_4W_urban",309291.599057435
"Mexico",2010,"trn_pass_road_LDV_other",285980.112109533
"Mexico",2010,"trn_pass_road_LDV_urban",341683.305172654
"Mexico",2010,"trn_pass_road_other",458311.130564411
"Mexico",2010,"trn_pass_road_urban",536014.028111133
"Mexico",2010,"trn_pass_urban",683117.05310719
"Mexico",2015,"trn_pass_other",484916.142474947
"Mexico",2015,"trn_pass_road_LDV_4W_other",273745.527633106
"Mexico",2015,"trn_pass_road_LDV_4W_urban",321353.445482342
"Mexico",2015,"trn_pass_road_LDV_other",297125.072747074
"Mexico",2015,"trn_pass_road_LDV_urban",354997.181134149
"Mexico",2015,"trn_pass_road_other",469361.278949324
"Mexico",2015,"trn_pass_road_urban",549220.988128175
"Mexico",2015,"trn_pass_urban",706027.366757671
"Mexico",2021,"trn_pass_other",357631.285790177
"Mexico",2021,"trn_pass_road_LDV_4W_other",203346.713132445
"Mexico",2021,"trn_pass_road_LDV_4W_urban",238711.358894609
"Mexico",2021,"trn_pass_road_LDV_other",220687.496157501
"Mexico",2021,"trn_pass_road_LDV_urban",263665.168613593
"Mexico",2021,"trn_pass_road_other",342719.434762017
"Mexico",2021,"trn_pass_road_urban",401275.652571876
"Mexico",2021,"trn_pass_urban",567543.456148951
"Middle East",1975,"trn_pass_other",164265.873899522
"Middle East",1975,"trn_pass_road_LDV_4W_other",99168.2907245817
"Middle East",1975,"trn_pass_road_LDV_4W_urban",116414.949981031
"Middle East",1975,"trn_pass_road_LDV_other",105803.3353596
"Middle East",1975,"trn_pass_road_LDV_urban",125962.941041179
"Middle East",1975,"trn_pass_road_other",164052.7089062
"Middle East",1975,"trn_pass_road_urban",191648.40482777
"Middle East",1975,"trn_pass_urban",234230.40482777
"Middle East",1990,"trn_pass_other",632239.377255452
"Middle East",1990,"trn_pass_road_LDV_4W_other",381959.213565272
"Middle East",1990,"trn_pass_road_LDV_4W_urban",448386.902880971
"Middle East",1990,"trn_pass_road_LDV_other",407514.988809168
"Middle East",1990,"trn_pass_road_LDV_urban",485162.28676853
"Middle East",1990,"trn_pass_road_other",631869.785662572
"Middle East",1990,"trn_pass_road_urban",738158.121518112
"Middle East",1990,"trn_pass_urban",810461.121518112
"Middle East",2005,"trn_pass_other",1200785.48393734
"Middle East",2005,"trn_pass_road_LDV_4W_other",725245.998141207
"Middle East",2005,"trn_pass_road_LDV_4W_urban",851375.736948374
"Middle East",2005,"trn_pass_road_LDV_other",773533.711257454
"Middle East",2005,"trn_pass_road_LDV_urban",920862.933871752
"Middle East",2005,"trn_pass_road_other",1197452.57786931
"Middle East",2005,"trn_pass_road_urban",1398899.10260427
"Middle East",2005,"trn_pass_urban",1507682.36170295
"Middle East",2010,"trn_pass_other",1538250.0357653
"Middle East",2010,"trn_pass_road_LDV_4W_other",953343.887960345
"Middle East",2010,"trn_pass_road_LDV_4W_urban",1119142.82499693
"Middle East",2010,"trn_pass_road_LDV_other",1014242.05119213
"Middle East",2010,"trn_pass_road_LDV_urban",1206776.76720852
"Middle East",2010,"trn_pass_road_other",1529334.35254702
"Middle East",2010,"trn_pass_road_urban",1787625.53256616
"Middle East",2010,"trn_pass_urban",1922003.19500194
"Middle East",2015,"trn_pass_other",1831095.76513933
"Middle East",2015,"trn_pass_road_LDV_4W_other",1141607.64314038
"Middle East",2015,"trn_pass_road_LDV_4W_urban",1340148.10281696
"Middle East",2015,"trn_pass_road_LDV_other",1215313.3924813
"Middle East",2015,"trn_pass_road_LDV_urban",1446212.47381976
"Middle East",2015,"trn_pass_road_other",1815070.30521109
"Middle East",2015,"trn_pass_road_urban",2122534.09881293
"Middle East",2015,"trn_pass_urban",2283256.88082662
"Middle East",2021,"trn_pass_other",1815980.93406916
"Middle East",2021,"trn_pass_road_LDV_4W_other",1141741.52514391
"Middle East",2021,"trn_pass_road_LDV_4W_urban",1340305.2686472
"Middle East",2021,"trn_pass_road_LDV_other",1216811.13868128
"Middle East",2021,"trn_pass_road_LDV_urban",1448332.27349365
"Middle East",2021,"trn_pass_road_other",1799682.77343863
"Middle East",2021,"trn_pass_road_urban",2105613.05311365
"Middle East",2021,"trn_pass_urban",2280808.18789469
"Pakistan",1975,"trn_pass_other",29553.0947499883
"Pakistan",1975,"trn_pass_road_LDV_4W_other",5478.47629100205
"Pakistan",1975,"trn_pass_road_LDV_4W_urban",6431.25477639371
"Pakistan",1975,"trn_pass_road_LDV_other",14266.9360499357
"Pakistan",1975,"trn_pass_road_LDV_urban",19078.0627221762
"Pakistan",1975,"trn_pass_road_other",28832.4424691614
"Pakistan",1975,"trn_pass_road_urban",35502.9954927925
"Pakistan",1975,"trn_pass_urban",72597.4643695015
"Pakistan",1990,"trn_pass_other",103949.665279714
"Pakistan",1990,"trn_pass_road_LDV_4W_other",19451.7174661741
"Pakistan",1990,"trn_pass_road_LDV_4W_urban",22834.6248515956
"Pakistan",1990,"trn_pass_road_LDV_other",50655.6140715095
"Pakistan",1990,"trn_pass_road_LDV_urban",67737.7931373223
"Pakistan",1990,"trn_pass_road_other",102371.334651266
"Pakistan",1990,"trn_pass_road_urban",126055.520599601
"Pakistan",1990,"trn_pass_urban",189758.877519764
"Pakistan",2005,"trn_pass_other",231306.010057994
"Pakistan",2005,"trn_pass_road_LDV_4W_other",41978.6388328933
"Pakistan",2005,"trn_pass_road_LDV_4W_urban",49279.2716733965
"Pakistan",2005,"trn_pass_road_LDV_other",98917.3925209907
"Pakistan",2005,"trn_pass_road_LDV_urban",131215.526980659
"Pakistan",2005,"trn_pass_road_other",228609.808860769
"Pakistan",2005,"trn_pass_road_urban",277464.42200211
"Pakistan",2005,"trn_pass_urban",373952.39150369
"Pakistan",2010,"trn_pass_other",339347.380581951
"Pakistan",2010,"trn_pass_road_LDV_4W_other",60049.574766985
"Pakistan",2010,"trn_pass_road_LDV_4W_urban",70492.9790742867
"Pakistan",2010,"trn_pass_road_LDV_other",126906.123390223
"Pakistan",2010,"trn_pass_road_LDV_urban",166701.183190654
"Pakistan",2010,"trn_pass_road_other",336533.233733621
"Pakistan",2010,"trn_pass_road_urban",403089.201237464
"Pakistan",2010,"trn_pass_urban",510544.646728606
"Pakistan",2015,"trn_pass_other",394015.630984745
"Pakistan",2015,"trn_pass_road_LDV_4W_other",72504.1561417291
"Pakistan",2015,"trn_pass_road_LDV_4W_urban",85113.5746011602
"Pakistan",2015,"trn_pass_road_LDV_other",174569.359086121
"Pakistan",2015,"trn_pass_road_LDV_urban",231987.891033335
"Pakistan",2015,"trn_pass_road_other",390111.179023114
"Pakistan",2015,"trn_pass_road_urban",475045.68798356
"Pakistan",2015,"trn_pass_urban",593323.493354633
"Pakistan",2021,"trn_pass_other",493161.408187921
"Pakistan",2021,"trn_pass_road_LDV_4W_other",92012.9245155402
"Pakistan",2021,"trn_pass_road_LDV_4W_urban",108015.172257373
"Pakistan",2021,"trn_pass_road_LDV_other",231726.210041904
"Pakistan",2021,"trn_pass_road_LDV_urban",309065.997770921
"Pakistan",2021,"trn_pass_road_other",488458.701996776
"Pakistan",2021,"trn_pass_road_urban",598572.850400883
"Pakistan",2021,"trn_pass_urban",729620.667331101
"Russia",1975,"trn_pass_other",573556.677803586
"Russia",1975,"trn_pass_road_LDV_4W_other",235369.972576877
"Russia",1975,"trn_pass_road_LDV_4W_urban",276303.880851116
"Russia",1975,"trn_pass_road_LDV_other",258365.494924764
"Russia",1975,"trn_pass_road_LDV_urban",309394.998376125
"Russia",1975,"trn_pass_road_other",360229.982088875
"Russia",1975,"trn_pass_road_urban",424263.462625016
"Russia",1975,"trn_pass_urban",641665.891772056
"Russia",1990,"trn_pass_other",819634.074532392
"Russia",1990,"trn_pass_road_LDV_4W_other",374616.129551878
"Russia",1990,"trn_pass_road_LDV_4W_urban",439766.760778292
"Russia",1990,"trn_pass_road_LDV_other",411163.745112597
"Russia",1990,"trn_pass_road_LDV_urban",492359.670975423
"Russia",1990,"trn_pass_road_other",578988.360862917
"Russia",1990,"trn_pass_road_urban",681608.705757699
"Russia",1990,"trn_pass_urban",993921.932775297
"Russia",2005,"trn_pass_other",546671.108534257
"Russia",2005,"trn_pass_road_LDV_4W_other",259435.82192038
"Russia",2005,"trn_pass_road_LDV_4W_urban",304555.095297837
"Russia",2005,"trn_pass_road_LDV_other",284875.932584831
"Russia",2005,"trn_pass_road_LDV_urban",341164.035034486
"Russia",2005,"trn_pass_road_other",386959.260975128
"Russia",2005,"trn_pass_road_urban",456279.277687374
"Russia",2005,"trn_pass_urban",739560.454264436
"Russia",2010,"trn_pass_other",662655.93411458
"Russia",2010,"trn_pass_road_LDV_4W_other",328954.611025083
"Russia",2010,"trn_pass_road_LDV_4W_urban",386164.108594662
"Russia",2010,"trn_pass_road_LDV_other",361202.013818286
"Russia",2010,"trn_pass_road_LDV_urban",432568.907736102
"Russia",2010,"trn_pass_road_other",486962.80910756
"Russia",2010,"trn_pass_road_urban",574384.272636772
"Russia",2010,"trn_pass_urban",864240.470075476
"Russia",2015,"trn_pass_other",706136.78238159
"Russia",2015,"trn_pass_road_LDV_4W_other",366527.953124468
"Russia",2015,"trn_pass_road_LDV_4W_urban",430271.944972202
"Russia",2015,"trn_pass_road_LDV_other",402466.969735373
"Russia",2015,"trn_pass_road_LDV_urban",481989.066436675
"Russia",2015,"trn_pass_road_other",536473.566861684
"Russia",2015,"trn_pass_road_urban",633102.888728046
"Russia",2015,"trn_pass_urban",930661.753668522
"Russia",2021,"trn_pass_other",809635.845946286
"Russia",2021,"trn_pass_road_LDV_4W_other",424119.041808872
"Russia",2021,"trn_pass_road_LDV_4W_urban",497878.875166937
"Russia",2021,"trn_pass_road_LDV_other",465614.306671476
"Russia",2021,"trn_pass_road_LDV_urban",557591.573383854
"Russia",2021,"trn_pass_road_other",622437.979584226
"Russia",2021,"trn_pass_road_urban",734435.289647168
"Russia",2021,"trn_pass_urban",1032222.23919954
"South Africa",1975,"trn_pass_other",112181.604797118
"South Africa",1975,"trn_pass_road_LDV_4W_other",37281.3861236985
"South Africa",1975,"trn_pass_road_LDV_4W_urban",43765.1054495591
"South Africa",1975,"trn_pass_road_LDV_other",39556.8545194362
"South Africa",1975,"trn_pass_road_LDV_urban",47039.5599702548
"South Africa",1975,"trn_pass_road_other",99679.7131805045
"South Africa",1975,"trn_pass_road_urban",114837.6771838
"South Africa",1975,"trn_pass_urban",160344.468253269
"South Africa",1990,"trn_pass_other",153253.984898386
"South Africa",1990,"trn_pass_road_LDV_4W_other",51117.6761147379
"South Africa",1990,"trn_pass_road_LDV_4W_urban",60007.706743388
"South Africa",1990,"trn_pass_road_LDV_other",54237.6173948486
"South Africa",1990,"trn_pass_road_LDV_urban",64497.378341596
"South Africa",1990,"trn_pass_road_other",136673.968234401
"South Africa",1990,"trn_pass_road_urban",157457.518650028
"South Africa",1990,"trn_pass_urban",222727.527843929
"South Africa",2005,"trn_pass_other",220593.188066121
"South Africa",2005,"trn_pass_road_LDV_4W_other",72475.7454914176
"South Africa",2005,"trn_pass_road_LDV_4W_urban",85080.2229681859
"South Africa",2005,"trn_pass_road_LDV_other",76899.2577938007
"South Africa",2005,"trn_pass_road_LDV_urban",91445.7650618591
"South Africa",2005,"trn_pass_road_other",193779.215754883
"South Africa",2005,"trn_pass_road_urban",223246.568720101
"South Africa",2005,"trn_pass_urban",306468.51309464
"South Africa",2010,"trn_pass_other",240668.691040785
"South Africa",2010,"trn_pass_road_LDV_4W_other",82438.5164066204
"South Africa",2010,"trn_pass_road_LDV_4W_urban",96775.6496947283
"South Africa",2010,"trn_pass_road_LDV_other",87565.2765216866
"South Africa",2010,"trn_pass_road_LDV_urban",104153.182543238
"South Africa",2010,"trn_pass_road_other",218076.629441402
"South Africa",2010,"trn_pass_road_urban",251325.559239939
"South Africa",2010,"trn_pass_urban",327177.288886687
"South Africa",2015,"trn_pass_other",275720.18556625
"South Africa",2015,"trn_pass_road_LDV_4W_other",96724.5704569035
"South Africa",2015,"trn_pass_road_LDV_4W_urban",113546.234884191
"South Africa",2015,"trn_pass_road_LDV_other",102836.093202712
"South Africa",2015,"trn_pass_road_LDV_urban",122340.86517694
"South Africa",2015,"trn_pass_road_other",252509.181665849
"South Africa",2015,"trn_pass_road_urban",291121.156422605
"South Africa",2015,"trn_pass_urban",371040.538807534
"South Africa",2021,"trn_pass_other",239985.306001346
"South Africa",2021,"trn_pass_road_LDV_4W_other",86916.9128564423
"South Africa",2021,"trn_pass_road_LDV_4W_urban",102032.897701041
"South Africa",2021,"trn_pass_road_LDV_other",92534.7091998522
"South Africa",2021,"trn_pass_road_LDV_urban",110117.043658631
"South Africa",2021,"trn_pass_road_other",223813.474593821
"South Africa",2021,"trn_pass_road_urban",258154.80037949
"South Africa",2021,"trn_pass_urban",335902.850522229
"South America_Northern",1975,"trn_pass_other",60079.717732355
"South America_Northern",1975,"trn_pass_road_LDV_4W_other",33649.2061124191
"South America_Northern",1975,"trn_pass_road_LDV_4W_urban",39501.2419580571
"South America_Northern",1975,"trn_pass_road_LDV_other",36525.0888688103
"South America_Northern",1975,"trn_pass_road_LDV_urban",43639.707387986
"South America_Northern",1975,"trn_pass_road_other",59371.7818436605
"South America_Northern",1975,"trn_pass_road_urban",69402.9994660086
"South America_Northern",1975,"trn_pass_urban",87929.5882287355
"South America_Northern",1990,"trn_pass_other",92165.8422642006
"South America_Northern",1990,"trn_pass_road_LDV_4W_other",50915.1581003155
"South America_Northern",1990,"trn_pass_road_LDV_4W_urban",59769.9682047182
"South America_Northern",1990,"trn_pass_road_LDV_other",55266.7035255614
"South America_Northern",1990,"trn_pass_road_LDV_urban",66031.9482069013
"South America_Northern",1990,"trn_pass_road_other",89836.3093926827
"South America_Northern",1990,"trn_pass_road_urban",105014.695248549
"South America_Northern",1990,"trn_pass_urban",132601.327911211
"South America_Northern",2005,"trn_pass_other",137484.343230114
"South America_Northern",2005,"trn_pass_road_LDV_4W_other",75786.9908975825
"South America_Northern",2005,"trn_pass_road_LDV_4W_urban",88967.3371406403
"South America_Northern",2005,"trn_pass_road_LDV_other",82168.0464914886
"South America_Northern",2005,"trn_pass_road_LDV_urban",98149.8317757735
"South America_Northern",2005,"trn_pass_road_other",133425.37731609
"South America_Northern",2005,"trn_pass_road_urban",155950.651641813
"South America_Northern",2005,"trn_pass_urban",192699.4443556
"South America_Northern",2010,"trn_pass_other",162959.002876183
"South America_Northern",2010,"trn_pass_road_LDV_4W_other",91289.3675183395
"South America_Northern",2010,"trn_pass_road_LDV_4W_urban",107165.779260659
"South America_Northern",2010,"trn_pass_road_LDV_other",99084.092909649
"South America_Northern",2010,"trn_pass_road_LDV_urban",118382.579214007
"South America_Northern",2010,"trn_pass_road_other",158785.730163797
"South America_Northern",2010,"trn_pass_road_urban",185705.702075068
"South America_Northern",2010,"trn_pass_urban",225219.887511046
"South America_Northern",2015,"trn_pass_other",156053.18638046
"South America_Northern",2015,"trn_pass_road_LDV_4W_other",88612.5107828046
"South America_Northern",2015,"trn_pass_road_LDV_4W_urban",104023.382223292
"South America_Northern",2015,"trn_pass_road_LDV_other",96161.6887401601
"South America_Northern",2015,"trn_pass_road_LDV_urban",114886.833430219
"South America_Northern",2015,"trn_pass_road_other",151879.316064897
"South America_Northern",2015,"trn_pass_road_urban",177717.349349603
"South America_Northern",2015,"trn_pass_urban",219134.571547317
"South America_Northern",2021,"trn_pass_other",46491.4334984507
"South America_Northern",2021,"trn_pass_road_LDV_4W_other",26297.7113097077
"South America_Northern",2021,"trn_pass_road_LDV_4W_urban",30871.2263200916
"South America_Northern",2021,"trn_pass_road_LDV_other",28534.1300152962
"South America_Northern",2021,"trn_pass_road_LDV_urban",34089.4873842312
"South America_Northern",2021,"trn_pass_road_other",44304.8161082228
"South America_Northern",2021,"trn_pass_road_urban",51873.4525528505
"South America_Northern",2021,"trn_pass_urban",90407.4743012949
"South America_Southern",1975,"trn_pass_other",50293.1063668165
"South America_Southern",1975,"trn_pass_road_LDV_4W_other",27247.0701859783
"South America_Southern",1975,"trn_pass_road_LDV_4W_urban",31985.6910878876
"South America_Southern",1975,"trn_pass_road_LDV_other",29575.7865711154
"South America_Southern",1975,"trn_pass_road_LDV_urban",35336.7707640605
"South America_Southern",1975,"trn_pass_road_other",48075.5619140885
"South America_Southern",1975,"trn_pass_road_urban",56198.2195550727
"South America_Southern",1975,"trn_pass_urban",113063.462067711
"South America_Southern",1990,"trn_pass_other",81789.5989331566
"South America_Southern",1990,"trn_pass_road_LDV_4W_other",44406.053052116
"South America_Southern",1990,"trn_pass_road_LDV_4W_urban",52128.8448872666
"South America_Southern",1990,"trn_pass_road_LDV_other",48195.8780801282
"South America_Southern",1990,"trn_pass_road_LDV_urban",57582.495537333
"South America_Southern",1990,"trn_pass_road_other",78334.8127269677
"South America_Southern",1990,"trn_pass_road_urban",91568.9537561094
"South America_Southern",1990,"trn_pass_urban",169742.791230996
"South America_Southern",2005,"trn_pass_other",136452.249061814
"South America_Southern",2005,"trn_pass_road_LDV_4W_other",73958.813205981
"South America_Southern",2005,"trn_pass_road_LDV_4W_urban",86821.2155026734
"South America_Southern",2005,"trn_pass_road_LDV_other",80144.996531437
"South America_Southern",2005,"trn_pass_road_LDV_urban",95723.2841905247
"South America_Southern",2005,"trn_pass_road_other",130080.819756129
"South America_Southern",2005,"trn_pass_road_urban",152033.893358794
"South America_Southern",2005,"trn_pass_urban",250931.309159886
"South America_Southern",2010,"trn_pass_other",204828.177369158
"South America_Southern",2010,"trn_pass_road_LDV_4W_other",111784.847136549
"South America_Southern",2010,"trn_pass_road_LDV_4W_urban",131225.690116819
"South America_Southern",2010,"trn_pass_road_LDV_other",120625.834827908
"South America_Southern",2010,"trn_pass_road_LDV_urban",143948.087038529
"South America_Southern",2010,"trn_pass_road_other",192332.489566025
"South America_Southern",2010,"trn_pass_road_urban",224808.782807044
"South America_Southern",2010,"trn_pass_urban",335680.049232042
"South America_Southern",2015,"trn_pass_other",266858.734518559
"South America_Southern",2015,"trn_pass_road_LDV_4W_other",150396.834923801
"South America_Southern",2015,"trn_pass_road_LDV_4W_urban",176552.806214897
"South America_Southern",2015,"trn_pass_road_LDV_other",162048.403888956
"South America_Southern",2015,"trn_pass_road_LDV_urban",193319.698140364
"South America_Southern",2015,"trn_pass_road_other",254406.845513007
"South America_Southern",2015,"trn_pass_road_urban",297468.579120677
"South America_Southern",2015,"trn_pass_urban",410098.6940206
"South America_Southern",2021,"trn_pass_other",306072.224336585
"South America_Southern",2021,"trn_pass_road_LDV_4W_other",177529.810411123
"South America_Southern",2021,"trn_pass_road_LDV_4W_urban",208404.56004784
"South America_Southern",2021,"trn_pass_road_LDV_other",191539.912837555
"South America_Southern",2021,"trn_pass_road_LDV_urban",228565.43914929
"South America_Southern",2021,"trn_pass_road_other",296044.324184144
"South America_Southern",2021,"trn_pass_road_urban",346410.839178423
"South America_Southern",2021,"trn_pass_urban",469259.906729365
"South Asia",1975,"trn_pass_other",23778.5969090339
"South Asia",1975,"trn_pass_road_LDV_4W_other",4440.20607587928
"South Asia",1975,"trn_pass_road_LDV_4W_urban",5212.41582820611
"South Asia",1975,"trn_pass_road_LDV_other",11563.0743469205
"South Asia",1975,"trn_pass_road_LDV_urban",15462.3969987289
"South Asia",1975,"trn_pass_road_other",23368.2176324647
"South Asia",1975,"trn_pass_road_urban",28774.5798526404
"South Asia",1975,"trn_pass_urban",90390.3537852584
"South Asia",1990,"trn_pass_other",47942.4369697674
"South Asia",1990,"trn_pass_road_LDV_4W_other",8953.76743479934
"South Asia",1990,"trn_pass_road_LDV_4W_urban",10510.9443799818
"South Asia",1990,"trn_pass_road_LDV_other",23317.1385945912
"South Asia",1990,"trn_pass_road_LDV_urban",31180.1858050482
"South Asia",1990,"trn_pass_road_other",47122.2716901836
"South Asia",1990,"trn_pass_road_urban",58024.2720617801
"South Asia",1990,"trn_pass_urban",141658.307938771
"South Asia",2005,"trn_pass_other",105561.538602061
"South Asia",2005,"trn_pass_road_LDV_4W_other",19552.8231063961
"South Asia",2005,"trn_pass_road_LDV_4W_urban",22953.3140814215
"South Asia",2005,"trn_pass_road_LDV_other",49956.8963014366
"South Asia",2005,"trn_pass_road_LDV_urban",66705.5169718457
"South Asia",2005,"trn_pass_road_other",103614.059388752
"South Asia",2005,"trn_pass_road_urban",127212.530666053
"South Asia",2005,"trn_pass_urban",242200.21920986
"South Asia",2010,"trn_pass_other",190932.05084314
"South Asia",2010,"trn_pass_road_LDV_4W_other",34398.4597130773
"South Asia",2010,"trn_pass_road_LDV_4W_urban",40380.8005327429
"South Asia",2010,"trn_pass_road_LDV_other",79111.1917700483
"South Asia",2010,"trn_pass_road_LDV_urban",104723.512517165
"South Asia",2010,"trn_pass_road_other",188439.922900468
"South Asia",2010,"trn_pass_road_urban",228009.10294083
"South Asia",2010,"trn_pass_urban",350792.395480971
"South Asia",2015,"trn_pass_other",234365.266276207
"South Asia",2015,"trn_pass_road_LDV_4W_other",42765.8273188112
"South Asia",2015,"trn_pass_road_LDV_4W_urban",50203.3625046914
"South Asia",2015,"trn_pass_road_LDV_other",100563.297097295
"South Asia",2015,"trn_pass_road_LDV_urban",133375.331210314
"South Asia",2015,"trn_pass_road_other",231580.164558856
"South Asia",2015,"trn_pass_road_urban",281117.75622016
"South Asia",2015,"trn_pass_urban",413206.763021842
"South Asia",2021,"trn_pass_other",285509.88771725
"South Asia",2021,"trn_pass_road_LDV_4W_other",52682.0692233388
"South Asia",2021,"trn_pass_road_LDV_4W_urban",61844.1682187021
"South Asia",2021,"trn_pass_road_LDV_other",130932.958389978
"South Asia",2021,"trn_pass_road_LDV_urban",174449.106287769
"South Asia",2021,"trn_pass_road_other",280612.454941244
"South Asia",2021,"trn_pass_road_urban",343236.623675366
"South Asia",2021,"trn_pass_urban",490686.968447916
"South Korea",1975,"trn_pass_other",25732.1719289295
"South Korea",1975,"trn_pass_road_LDV_4W_other",7746.49565753244
"South Korea",1975,"trn_pass_road_LDV_4W_urban",9093.71229362503
"South Korea",1975,"trn_pass_road_LDV_other",8118.54904669279
"South Korea",1975,"trn_pass_road_LDV_urban",9629.10619509969
"South Korea",1975,"trn_pass_road_other",19710.8977405352
"South Korea",1975,"trn_pass_road_urban",22701.3291902837
"South Korea",1975,"trn_pass_urban",39297.7330132802
"South Korea",1990,"trn_pass_other",152699.772321832
"South Korea",1990,"trn_pass_road_LDV_4W_other",45927.7045829766
"South Korea",1990,"trn_pass_road_LDV_4W_urban",53915.1314669725
"South Korea",1990,"trn_pass_road_LDV_other",48133.5191960217
"South Korea",1990,"trn_pass_road_LDV_urban",57089.3524955009
"South Korea",1990,"trn_pass_road_other",116862.735450068
"South Korea",1990,"trn_pass_road_urban",134592.511250064
"South Korea",1990,"trn_pass_urban",165467.64520475
"South Korea",2005,"trn_pass_other",360987.96795633
"South Korea",2005,"trn_pass_road_LDV_4W_other",111596.056200335
"South Korea",2005,"trn_pass_road_LDV_4W_urban",131004.065974306
"South Korea",2005,"trn_pass_road_LDV_other",116954.105156856
"South Korea",2005,"trn_pass_road_LDV_urban",138714.429106862
"South Korea",2005,"trn_pass_road_other",293723.5076413
"South Korea",2005,"trn_pass_road_urban",338050.138291447
"South Korea",2005,"trn_pass_urban",391702.159690259
"South Korea",2010,"trn_pass_other",407666.486837636
"South Korea",2010,"trn_pass_road_LDV_4W_other",121242.000335931
"South Korea",2010,"trn_pass_road_LDV_4W_urban",142327.565611745
"South Korea",2010,"trn_pass_road_LDV_other",127059.461876832
"South Korea",2010,"trn_pass_road_LDV_urban",150699.034658407
"South Korea",2010,"trn_pass_road_other",332724.286336951
"South Korea",2010,"trn_pass_road_urban",382618.943092158
"South Korea",2010,"trn_pass_urban",434144.345750517
"South Korea",2015,"trn_pass_other",473107.806241243
"South Korea",2015,"trn_pass_road_LDV_4W_other",141258.83836814
"South Korea",2015,"trn_pass_road_LDV_4W_urban",165825.592866947
"South Korea",2015,"trn_pass_road_LDV_other",148036.737748732
"South Korea",2015,"trn_pass_road_LDV_urban",175579.155390238
"South Korea",2015,"trn_pass_road_other",379097.880156624
"South Korea",2015,"trn_pass_road_urban",436137.464914031
"South Korea",2015,"trn_pass_urban",490634.482215471
"South Korea",2021,"trn_pass_other",484340.271971653
"South Korea",2021,"trn_pass_road_LDV_4W_other",153996.406425582
"South Korea",2021,"trn_pass_road_LDV_4W_urban",180778.39015177
"South Korea",2021,"trn_pass_road_LDV_other",161386.595223635
"South Korea",2021,"trn_pass_road_LDV_urban",191413.052080675
"South Korea",2021,"trn_pass_road_other",396512.291366384
"South Korea",2021,"trn_pass_road_urban",456554.79453952
"South Korea",2021,"trn_pass_urban",523420.571619522
"Southeast Asia",1975,"trn_pass_other",229887.807027524
"Southeast Asia",1975,"trn_pass_road_LDV_4W_other",41402.7727602177
"Southeast Asia",1975,"trn_pass_road_LDV_4W_urban",48603.254979386
"Southeast Asia",1975,"trn_pass_road_LDV_other",105383.013616781
"Southeast Asia",1975,"trn_pass_road_LDV_urban",140672.38206566
"Southeast Asia",1975,"trn_pass_road_other",214617.37541328
"Southeast Asia",1975,"trn_pass_road_urban",263851.556006393
"Southeast Asia",1975,"trn_pass_urban",407119.838938457
"Southeast Asia",1990,"trn_pass_other",498339.192672628
"Southeast Asia",1990,"trn_pass_road_LDV_4W_other",93811.2654669774
"Southeast Asia",1990,"trn_pass_road_LDV_4W_urban",110126.268156887
"Southeast Asia",1990,"trn_pass_road_LDV_other",239896.168005096
"Southeast Asia",1990,"trn_pass_road_LDV_urban",320346.005955642
"Southeast Asia",1990,"trn_pass_road_other",482555.749550644
"Southeast Asia",1990,"trn_pass_road_urban",593983.406421899
"Southeast Asia",1990,"trn_pass_urban",799839.581107038
"Southeast Asia",2005,"trn_pass_other",1103449.99849424
"Southeast Asia",2005,"trn_pass_road_LDV_4W_other",205972.967781098
"Southeast Asia",2005,"trn_pass_road_LDV_4W_urban",241794.353482159
"Southeast Asia",2005,"trn_pass_road_LDV_other",524394.298402636
"Southeast Asia",2005,"trn_pass_road_LDV_urban",700010.414620469
"Southeast Asia",2005,"trn_pass_road_other",1061443.02162836
"Southeast Asia",2005,"trn_pass_road_urban",1305618.54932181
"Southeast Asia",2005,"trn_pass_urban",1597511.77951619
"Southeast Asia",2010,"trn_pass_other",1305332.24736718
"Southeast Asia",2010,"trn_pass_road_LDV_4W_other",236267.832822877
"Southeast Asia",2010,"trn_pass_road_LDV_4W_urban",277357.890705117
"Southeast Asia",2010,"trn_pass_road_LDV_other",582845.848586227
"Southeast Asia",2010,"trn_pass_road_LDV_urban",776092.108510913
"Southeast Asia",2010,"trn_pass_road_other",1242859.64804753
"Southeast Asia",2010,"trn_pass_road_urban",1520362.98875451
"Southeast Asia",2010,"trn_pass_urban",1852034.77698315
"Southeast Asia",2015,"trn_pass_other",1630052.59829984
"Southeast Asia",2015,"trn_pass_road_LDV_4W_other",299303.815612747
"Southeast Asia",2015,"trn_pass_road_LDV_4W_urban",351356.653110616
"Southeast Asia",2015,"trn_pass_road_LDV_other",742572.688099633
"Southeast Asia",2015,"trn_pass_road_LDV_urban",989231.372055159
"Southeast Asia",2015,"trn_pass_road_other",1553612.72603972
"Southeast Asia",2015,"trn_pass_road_urban",1903808.43611526
"Southeast Asia",2015,"trn_pass_urban",2259111.5258838
"Southeast Asia",2021,"trn_pass_other",1618591.55661686
"Southeast Asia",2021,"trn_pass_road_LDV_4W_other",300361.84573918
"Southeast Asia",2021,"trn_pass_road_LDV_4W_urban",352598.688476429
"Southeast Asia",2021,"trn_pass_road_LDV_other",779777.036725656
"Southeast Asia",2021,"trn_pass_road_LDV_urban",1042488.84135941
"Southeast Asia",2021,"trn_pass_road_other",1548606.49587636
"Southeast Asia",2021,"trn_pass_road_urban",1909466.74210382
"Southeast Asia",2021,"trn_pass_urban",2293709.43303094
"Taiwan",1975,"trn_pass_other",33221.9544736338
"Taiwan",1975,"trn_pass_road_LDV_4W_other",6175.20993754552
"Taiwan",1975,"trn_pass_road_LDV_4W_urban",7249.15949190126
"Taiwan",1975,"trn_pass_road_LDV_other",16081.3009744262
"Taiwan",1975,"trn_pass_road_LDV_urban",21504.2661059491
"Taiwan",1975,"trn_pass_road_other",32499.3068015374
"Taiwan",1975,"trn_pass_road_urban",40018.1875705638
"Taiwan",1975,"trn_pass_urban",49465.0220649079
"Taiwan",1990,"trn_pass_other",162097.892110598
"Taiwan",1990,"trn_pass_road_LDV_4W_other",30218.26694059
"Taiwan",1990,"trn_pass_road_LDV_4W_urban",35473.6177128665
"Taiwan",1990,"trn_pass_road_LDV_other",78693.6973150903
"Taiwan",1990,"trn_pass_road_LDV_urban",105230.944349343
"Taiwan",1990,"trn_pass_road_other",159034.367895778
"Taiwan",1990,"trn_pass_road_urban",195827.870748841
"Taiwan",1990,"trn_pass_urban",211476.76488698
"Taiwan",2005,"trn_pass_other",307240.663576698
"Taiwan",2005,"trn_pass_road_LDV_4W_other",57000.5711812479
"Taiwan",2005,"trn_pass_road_LDV_4W_urban",66913.713995378
"Taiwan",2005,"trn_pass_road_LDV_other",148439.536636265
"Taiwan",2005,"trn_pass_road_LDV_urban",198496.615503818
"Taiwan",2005,"trn_pass_road_other",299985.737289765
"Taiwan",2005,"trn_pass_road_urban",369389.139644998
"Taiwan",2005,"trn_pass_urban",391632.731107836
"Taiwan",2010,"trn_pass_other",300753.161687828
"Taiwan",2010,"trn_pass_road_LDV_4W_other",55432.9523184639
"Taiwan",2010,"trn_pass_road_LDV_4W_urban",65073.4657651533
"Taiwan",2010,"trn_pass_road_LDV_other",146163.588595849
"Taiwan",2010,"trn_pass_road_LDV_urban",195637.064310659
"Taiwan",2010,"trn_pass_road_other",291039.550405405
"Taiwan",2010,"trn_pass_road_urban",359007.829755477
"Taiwan",2010,"trn_pass_urban",386167.344444779
"Taiwan",2015,"trn_pass_other",318503.88807287
"Taiwan",2015,"trn_pass_road_LDV_4W_other",58826.2688433335
"Taiwan",2015,"trn_pass_road_LDV_4W_urban",69056.924294348
"Taiwan",2015,"trn_pass_road_LDV_other",156768.950477949
"Taiwan",2015,"trn_pass_road_LDV_urban",209998.832012453
"Taiwan",2015,"trn_pass_road_other",307221.900188114
"Taiwan",2015,"trn_pass_road_urban",379658.541260086
"Taiwan",2015,"trn_pass_urban",408955.754751924
"Taiwan",2021,"trn_pass_other",311410.135881614
"Taiwan",2021,"trn_pass_road_LDV_4W_other",57633.9524061425
"Taiwan",2021,"trn_pass_road_LDV_4W_urban",67657.248476776
"Taiwan",2021,"trn_pass_road_LDV_other",155962.533275112
"Taiwan",2021,"trn_pass_road_LDV_urban",209154.474605292
"Taiwan",2021,"trn_pass_road_other",300086.716356656
"Taiwan",2021,"trn_pass_road_urban",371677.489569587
"Taiwan",2021,"trn_pass_urban",402275.227267089
"USA",1975,"trn_pass_other",2642944.64964085
"USA",1975,"trn_pass_road_LDV_4W_other",1919361.37882568
"USA",1975,"trn_pass_road_LDV_4W_urban",2253163.35775188
"USA",1975,"trn_pass_road_LDV_other",1929044.8191132
"USA",1975,"trn_pass_road_LDV_urban",2267098.06450709
"USA",1975,"trn_pass_road_other",2083189.31400728
"USA",1975,"trn_pass_road_urban",2440920.58002596
"USA",1975,"trn_pass_urban",2488187.67469782
"USA",1990,"trn_pass_other",3265550.78875136
"USA",1990,"trn_pass_road_LDV_4W_other",2237844.2560419
"USA",1990,"trn_pass_road_LDV_4W_urban",2627034.56144049
"USA",1990,"trn_pass_road_LDV_other",2249134.49822897
"USA",1990,"trn_pass_road_LDV_urban",2643281.49531945
"USA",1990,"trn_pass_road_other",2428856.45904959
"USA",1990,"trn_pass_road_urban",2845946.685181
"USA",1990,"trn_pass_urban",2900808.13051395
"USA",2005,"trn_pass_other",4204106.22243802
"USA",2005,"trn_pass_road_LDV_4W_other",3003944.62556184
"USA",2005,"trn_pass_road_LDV_4W_urban",3526369.77783346
"USA",2005,"trn_pass_road_LDV_other",3019099.92690478
"USA",2005,"trn_pass_road_LDV_urban",3548178.62610745
"USA",2005,"trn_pass_road_other",3277505.66341738
"USA",2005,"trn_pass_road_urban",3839572.32898337
"USA",2005,"trn_pass_urban",3907208.47789403
"USA",2010,"trn_pass_other",4089975.39977167
"USA",2010,"trn_pass_road_LDV_4W_other",3021789.56215746
"USA",2010,"trn_pass_road_LDV_4W_urban",3547318.18166311
"USA",2010,"trn_pass_road_LDV_other",3037035.14532922
"USA",2010,"trn_pass_road_LDV_urban",3569256.94769075
"USA",2010,"trn_pass_road_other",3292995.55821747
"USA",2010,"trn_pass_road_urban",3857893.157969
"USA",2010,"trn_pass_urban",3928383.16806491
"USA",2015,"trn_pass_other",4668015.96030518
"USA",2015,"trn_pass_road_LDV_4W_other",3497843.44232546
"USA",2015,"trn_pass_road_LDV_4W_urban",4106164.04099075
"USA",2015,"trn_pass_road_LDV_other",3513902.79976723
"USA",2015,"trn_pass_road_LDV_urban",4129273.84804111
"USA",2015,"trn_pass_road_other",3781404.0395215
"USA",2015,"trn_pass_road_urban",4430924.1822321
"USA",2015,"trn_pass_urban",4507091.77078714
"USA",2021,"trn_pass_other",4859780.15642925
"USA",2021,"trn_pass_road_LDV_4W_other",3735018.25734986
"USA",2021,"trn_pass_road_LDV_4W_urban",4384586.64993245
"USA",2021,"trn_pass_road_LDV_other",3751443.31800144
"USA",2021,"trn_pass_road_LDV_urban",4408222.7128213
"USA",2021,"trn_pass_road_other",4032360.1350681
"USA",2021,"trn_pass_road_urban",4725001.25121562
"USA",2021,"trn_pass_urban",4808659.73191945
"Ukraine",1975,"trn_pass_other",129510.20960557
"Ukraine",1975,"trn_pass_road_LDV_4W_other",76055.5419104408
"Ukraine",1975,"trn_pass_road_LDV_4W_urban",89282.5926774739
"Ukraine",1975,"trn_pass_road_LDV_other",83492.8904656105
"Ukraine",1975,"trn_pass_road_LDV_urban",99985.1186471085
"Ukraine",1975,"trn_pass_road_other",115670.456159017
"Ukraine",1975,"trn_pass_road_urban",136270.458684354
"Ukraine",1975,"trn_pass_urban",214103.857942238
"Ukraine",1990,"trn_pass_other",209202.210587594
"Ukraine",1990,"trn_pass_road_LDV_4W_other",114530.119335686
"Ukraine",1990,"trn_pass_road_LDV_4W_urban",134448.400959284
"Ukraine",1990,"trn_pass_road_LDV_other",125764.619787953
"Ukraine",1990,"trn_pass_road_LDV_urban",150615.121122302
"Ukraine",1990,"trn_pass_road_other",170419.512509904
"Ukraine",1990,"trn_pass_road_urban",200970.638447055
"Ukraine",1990,"trn_pass_urban",294775.402992964
"Ukraine",2005,"trn_pass_other",87318.9335621328
"Ukraine",2005,"trn_pass_road_LDV_4W_other",47456.3147039395
"Ukraine",2005,"trn_pass_road_LDV_4W_urban",55709.5868263638
"Ukraine",2005,"trn_pass_road_LDV_other",52093.8223860146
"Ukraine",2005,"trn_pass_road_LDV_urban",62383.0734908133
"Ukraine",2005,"trn_pass_road_other",72515.4503289672
"Ukraine",2005,"trn_pass_road_urban",85411.7177669088
"Ukraine",2005,"trn_pass_urban",156433.103225749
"Ukraine",2010,"trn_pass_other",98097.6014561076
"Ukraine",2010,"trn_pass_road_LDV_4W_other",57307.6515917096
"Ukraine",2010,"trn_pass_road_LDV_4W_urban",67274.1996946156
"Ukraine",2010,"trn_pass_road_LDV_other",62919.3761634923
"Ukraine",2010,"trn_pass_road_LDV_urban",75349.608224742
"Ukraine",2010,"trn_pass_road_other",85474.2926629109
"Ukraine",2010,"trn_pass_road_urban",100783.875766639
"Ukraine",2010,"trn_pass_urban",168376.029537652
"Ukraine",2015,"trn_pass_other",74984.648745268
"Ukraine",2015,"trn_pass_road_LDV_4W_other",44439.5189942816
"Ukraine",2015,"trn_pass_road_LDV_4W_urban",52168.1309932871
"Ukraine",2015,"trn_pass_road_LDV_other",48793.8073712317
"Ukraine",2015,"trn_pass_road_LDV_urban",58434.0581698738
"Ukraine",2015,"trn_pass_road_other",65357.6823642696
"Ukraine",2015,"trn_pass_road_urban",77112.4703960655
"Ukraine",2015,"trn_pass_urban",140870.606963903
"Ukraine",2021,"trn_pass_other",86392.950683972
"Ukraine",2021,"trn_pass_road_LDV_4W_other",52917.523680316
"Ukraine",2021,"trn_pass_road_LDV_4W_urban",62120.5712768927
"Ukraine",2021,"trn_pass_road_LDV_other",58104.6904824993
"Ukraine",2021,"trn_pass_road_LDV_urban",69585.030821498
"Ukraine",2021,"trn_pass_road_other",76720.3400903504
"Ukraine",2021,"trn_pass_road_urban",90577.1463367343
"Ukraine",2021,"trn_pass_urban",151694.002563502
